id;name;level_id;office_id;need_care;status;created_at;updated_at
;хяДгЦл гАйФмо гАгхйогфМ хЦояси огя гАйФмМо;2;1;0;1;;
;гхйогфМи гАтМн зМсЛ тЦгнМ АймщМы гАчягД гАъяМЦ хлгргД;2;1;0;1;;
;хяДгЦл гАзФч гАсЦзМ хгхйогфМи гАЦАъ зхогААЕ;2;1;0;1;;
;хяДгЦл гАзФч гАхуяМ хгхйогфМи ьгяч хД рМго;2;1;0;1;;
;гхйогфМи Цогяс тяъи ЦсйчхА гАгмщго гАгЕАМи;2;1;0;1;;
;гхйогфМи ЦДгягй гАЦло гАгЕАМи;2;1;0;1;;
;гхйогфМи  пФгАДФяМД;2;1;0;1;;
;гхйогфМи зАМ хД цхМ ьгАх;2;1;0;1;;
;гхйогфМи гАЦкДЛ хД мгяки;2;1;0;1;;
;гхйогфМи гАтФгляи;2;1;0;1;;
;гхйогфМи хоя хгАЦчгяМи;2;1;0;1;;
;гхйогфМи гАЦмЦоМи;2;1;0;1;;
;гхйогфМи гАЦАъ зхогААЕ хД зхогАзрМр;2;1;0;1;;
;гхйогфМи омМчи;2;1;0;1;;
;гхйогфМи гАЦзящЕ гАцЕАМи;2;1;0;1;;
;гхйогфМи гАЦзхФл;2;1;0;1;;
;гхйогфМи гАцЦМя ЦмЦо хД Дгуя;2;1;0;1;;
;гхйогфМи ЦмАМи;2;1;0;1;;
;гхйогфМи хнти;2;1;0;1;;
;гхйогфМи яМгж лгргД гАЦсгя гАЦуяМ;2;1;0;1;;
;хяДгЦл гАйяхМи гАщъяМи гАгхйогфМи хЦояси пФ гАДФяМД;2;1;0;1;;
;гхйогфМи яМгж лгргД гАзгАЦМи - хДМД;2;1;0;1;;
;гхйогфМи зАФЦ лгргД гАзгАЦМи;2;1;0;1;;
;гхйогфМи огя гАйФмМо;2;1;0;1;;
;хяДгЦл гАйяхМи гАщъяМи хЦояси сАЦгД гАщгясМ гАгхйогфМи;2;1;0;1;;
;гхйогфМи гАЦАъ зхо гАзрМр;2;1;0;1;;
;гхйогфМи ьгяч хД рМго;2;1;0;1;;
;гхйогфМи цДс хД ЦгАъ (лгргД);2;1;0;1;;
;гхйогфМи мМ гАлхА;2;1;0;1;;
;гхйогфМи гАщчЕга;2;1;0;1;;
;гхйогфМи гАсФМс;2;1;0;1;;
;гхйогфМи гАсзФоМи;2;1;0;1;;
;гхйогфМи гАщМуАМи;2;1;0;1;;
;гхйогфМи зЦМя ФгАнягоАи;2;1;0;1;;
;гхйогфМи гАзтФи;2;1;0;1;;
;гхйогфМи зхогААЕ хД зхгс;2;1;0;1;;
;гхйогфМи нгАо хД гАФАМо;2;1;0;1;;
;гхйогфМи сАЦгД гАщгясМ;2;1;0;1;;
;хяДгЦл гАйФмо хЦйФсьи гхД сМДга;3;1;0;1;;
;ЦйФсьи ймщМы гАчягД гАъяМЦ  хлгргД;3;1;0;1;;
;хяДгЦл гАзФч гАсЦзМ хЦйФсьи гАгДоАс;3;1;0;1;;
;хяДгЦл гАзФч гАхуяМ хЦйФсьи Цзгп хД лхА;3;1;0;1;;
;ЦйФсьи цхФ хъя гАуоМч;3;1;0;1;;
;ЦйФсьи гАущг;3;1;0;1;;
;ЦйФсьи зЦМя ФгАнягоАи;3;1;0;1;;
;ЦйФсьи гАцЦМя ЦмЦо хД Дгуя;3;1;0;1;;
;ЦйФсьи мМ гАяФжи;3;1;0;1;;
;ЦйФсьи сАЦгД гАщгясМ;3;1;0;1;;
;ЦйФсьи гАтФгляи;3;1;0;1;;
;ЦйФсьи цДс хД ЦгАъ (лгргД);3;1;0;1;;
;ЦйФсьи гхД сМДга;3;1;0;1;;
;ЦйФсьи гАЦАъ щЕо хЦмАМи;3;1;0;1;;
;ЦйФсьи ЦДгягй гАЦло гАцЕАМи;3;1;0;1;;
;ЦйФсьи гАЦАъ щЕо гААМАМи;3;1;0;1;;
;ЦйФсьи цмЦо хД мДхА гААМАМи (лгргД);3;1;0;1;;
;ЦйФсьи гАЦзящи гАгЕАМи;3;1;0;1;;
;ЦйФсьи цФс хД кгхй гААМАМи хлгргД;3;1;0;1;;
;ЦйФсьи огя гАйФмМо;3;1;0;1;;
;ЦйФсьи ЦсйчхА гАгмщго гАгЕАМи;3;1;0;1;;
;ЦйФсьи ЦмЦо хД зАМ гАсДФсМ;3;1;0;1;;
;ЦйФсьи омМчи;3;1;0;1;;
;ЦйФсьи гАщчЕга;3;1;0;1;;
;ЦйФсьи Цзгп хД лхА;3;1;0;1;;
;ЦйФсьи гАцДоАс;3;1;0;1;;
;ЦйФсьи яМгж лгргД гАзгАЦМи гАЦсгя гАЦуяМ;3;1;0;1;;
;хяДгЦл гАзФч гАщъяМ хЦйФсьи гхД сМДг;3;1;0;1;;
;ЦйФсьи яМгж лгргД гАзгАЦМи - хДМД;3;1;0;1;;
;ЦйФсьи зАФЦ лгргД гАзгАЦМи;3;1;0;1;;
;ЦйФсьи гАЦзЕо гАзАЦМ хлгргД;3;1;0;1;;
;хяДгЦл гАзФч гАщъяМ хкгДФМи гАнФгярЦМ;4;1;0;1;;
;кгДФМи гАЦАъ щЕо гААМАМи;4;1;0;1;;
;кгДФМи гАнФгярЦМ;4;1;0;1;;
;кгДФМи Цзгп хД лхА;4;1;0;1;;
;кгДФМи гАЦзящи гАцЕАМи;4;1;0;1;;
;кгДФМи зЦМя ФгАнягоАи;4;1;0;1;;
;кгДФМи гмЦо хД мДхА гААМАМи (лгргД);4;1;0;1;;
;кгДФМи гАягрМ;4;1;0;1;;
;кгДФМи ЦмЦо хД зАМ гАсДФсМ;4;1;0;1;;
;кгДФМи омМчи;4;1;0;1;;
;кгДФМи ЦсйчхА гАгмщго гАгЕАМи;4;1;0;1;;
;кгДФМи цДс хД ЦгАъ(лгргД);4;1;0;1;;
;кгДФМи зчМА хД цхМ ьгАх гААМАМи хлгргД;4;1;0;1;;
;кгДФМи гАЦАъ щЕо хЦмАМи;4;1;0;1;;
;кгДФМи гАтФгляи;4;1;0;1;;
;кгДФМи гАъяхФс;4;1;0;1;;
;кгДФМи гАцЦМя щМуА хД зхогААЕ;4;1;0;1;;
;кгДФМи гАяФжи хлгргД;4;1;0;1;;
;кгДФМи ЦДгягй гАЦло гАгЕАМи ;4;1;0;1;;
;хяДгЦл гАзФч гАсЦзМ хкгДФМи гАяФжи;4;1;0;1;;
;хяДгЦл гАзФч гАхуяМ хкгДФМи гАнФгярЦМ хлгргД;4;1;0;1;;
;кгДФМи гАЦзЕо гАзАЦМ хлгргД;4;1;0;1;;
;Цяър зхгои хД гАугЦй АЦмФ гАцЦМи;5;1;0;1;;
;Цяър зАМ хД гхМ ьгАх АЦмФ гАцЦМЕ;5;1;0;1;;
;Цяър цмЦо хД мДхА АЦмФ гАгЦМи (лгргД);5;1;0;1;;
;гхйогфМи ймщМы гАчябД гАъяМЦ хгАФгуАМ;2;2;0;1;;
;гхйогфМи ймщМы гАчягД гАъяМЦ хцхМ зяМт;2;2;0;1;;
;хяДгЦл гАзФч гАхуяМ хгхйогфМи уАгм гАоМД;2;2;0;1;;
;гхйогфМи сзо хД ЦгАъ гАгДугяМ;2;2;0;1;;
;гхйогфМи яоМс;2;2;0;1;;
;гхйогфМи гАеЦгЦ гАйяЦпМ;2;2;0;1;;
;гхйогфМи уЕМх гАяФЦМ;2;2;0;1;;
;гхйогфМи гАеЦгЦ цхФмДМщи хгАЦЕол;2;2;0;1;;
;гхйогфМи чгЦяи;2;2;0;1;;
;гхйогфМи уАгм гАоМД гАгМФхМ;2;2;0;1;;
;гхйогфМи зЦгя хД Мгся;2;2;0;1;;
;гхйогфМи цхФ гАлЕФи;2;2;0;1;;
;гхйогфМи Цогяс лгргД гАцЕАМи;2;2;0;1;;
;гхйогфМи яЦгои гАсщАЛ;2;2;0;1;;
;гхйогфМи уДхи;2;2;0;1;;
;гхйогфМи зхогАямЦД хД зФщ;2;2;0;1;;
;гхйогфМи глМгогАйЦМр;2;2;0;1;;
;гхйогфМи гАьщМА хД зЦяФ;2;2;0;1;;
;гхйогфМи гАмсД хД гАЕМкЦ;2;2;0;1;;
;гхйогфМи гАщгяФч;2;2;0;1;;
;гхйогфМи рМо хД гАньгх;2;2;0;1;;
;гхйогфМи сАгЦи гАоягл;2;2;0;1;;
;гхйогфМи гАзяФс;2;2;0;1;;
;гхйогфМи гАнтгхМи;2;2;0;1;;
;гхйогфМи гхД ъкМя;2;2;0;1;;
;гхйогфМи хАгА хД яхгм;2;2;0;1;;
;гхйогфМи хмяи;2;2;0;1;;
;хяДгЦл гАйяхМи гАщъяМи хЦояси уЕМх гАяФЦМ гАгхйогфМи;2;2;0;1;;
;хяДгЦл гАзФч гАщъяМ хгхйогфМи гАеЦгЦ ЦсАЦ;2;2;0;1;;
;хяДгЦл гАзФч гАсЦзМ хгхйогфМи гАмсД хД гАЕМкЦ;2;2;0;1;;
;гхйогфМи зМгт;2;2;0;1;;
;гхйогфМи гАЦлуу;2;2;0;1;;
;хяДгЦл гАзФч гАщъяМ хехйогфМи зхогААЕ хД ЦсзФо;2;2;0;1;;
;хяДгЦл щяь гАмяъи хехйогфМи рМо хД гАньгх;2;2;0;1;;
;хяДгЦл гАйФмо хгхйогфМи зхогААЕ хД ЦсзФо;2;2;0;1;;
;гхйогфМи глМгА гАЦзящи гАзгАЦМи хлгргД;2;2;0;1;;
;гхйогфМи ягм гАмлгли;2;2;0;1;;
;гхйогфМи цхФхъя гАуоМч;2;2;0;1;;
;гхйогфМи гАхМж гАцзАЛ;2;2;0;1;;
;гхйогфМи сзо хД Цзгп;2;2;0;1;;
;гхйогфМи гАяМгД;2;2;0;1;;
;гхйогфМи нхй сзМо;2;2;0;1;;
;гхйогфМи гАнжяга гАлДФхМи;2;2;0;1;;
;гхйогфМи гАеЦгЦ гАхнгяМ;2;2;0;1;;
;гхйогфМи гАсгоАМи;2;2;0;1;;
;гхйогфМи ущФи;2;2;0;1;;
;гхйогфМи рхгяи ятМо;2;2;0;1;;
;гхйогфМи со ФгоМ лгргД;2;2;0;1;;
;гхйогфМи гАцсгЦАи;2;2;0;1;;
;гхйогфМи зхогААЕ хД ЦсзФо;2;2;0;1;;
;гхйогфМи гАхМж гАцсщА;2;2;0;1;;
;гхйогфМи гАФгуАМ;2;2;0;1;;
;гхйогфМи гАнжяга гАтЦгАМи;2;2;0;1;;
;гхйогфМи чДхФяи;2;2;0;1;;
;гхйогфМи гАчФМзМи;2;2;0;1;;
;гхйогфМи гхД нАоФД хгАхоМз ФгАчящМ;2;2;0;1;;
;гхйогфМи гАеЦгЦ ЦсАЦ хцхМ зяМт;2;2;0;1;;
;гхйогфМи Цузх хД зЦМя хцЦ гАмлА;2;2;0;1;;
;хяДгЦл  жзгщ гАсЦз хехйогфМи гАеЦгЦ ЦсАЦ хцхМ зяМт;2;2;0;1;;
;хяДгЦл гАзФч гАщъяМ хгхйогфМи  гАнжяга гАлДФхМи;2;2;0;1;;
;хяДгЦл жзгщ гАсЦз хЦйФсьи гАеЦгЦ ЦсАЦ хцхФ зяМт;3;2;0;1;;
;ЦйФсьи ймщМы гАчябД гАъяМЦ хцхМ зяМт;3;2;0;1;;
;ЦйФсьи ймщМы гАчябД гАъяМЦ хгАФгуАМ;3;2;0;1;;
;хяДгЦл гАзФч гАсЦзМ хЦйФсьи зчхи хД Дгщз хцхФ зяМт;3;2;0;1;;
;хяДгЦл гАзФч гАхуяМ хЦйФсьи??гАЦАъ щЕо хцхФзяМт;3;2;0;1;;
;ЦйФсьи сзо хД ЦгАъ гАгДугяМ;3;2;0;1;;
;ЦйФсьи гАЦАъ щЕо хгхМ зяМт;3;2;0;1;;
;ЦйФсьи гАзяФс;3;2;0;1;;
;ЦйФсьи гхД нАоФД хгАхоМз ФгАчящМ;3;2;0;1;;
;ЦйФсьи гАФгуАМ;3;2;0;1;;
;ЦйФсьи гАцсгЦАи;3;2;0;1;;
;ЦйФсьи уДхЕ;3;2;0;1;;
;ЦйФсьи зМгт;3;2;0;1;;
;ЦйФсьи чДхФяЕ;3;2;0;1;;
;ЦйФсьи хмяи;3;2;0;1;;
;ЦйФсьи яЦгои гАсщАЛ;3;2;0;1;;
;ЦйФсьи Цузх хД зЦМя хцЦ гАмлА;3;2;0;1;;
;ЦйФсьи ягм гАмлгли;3;2;0;1;;
;ЦйФсьи гАсгоАМи;3;2;0;1;;
;ЦйФсьи гАеЦгЦ ЦсАЦ хцхМ зяМт;3;2;0;1;;
;ЦйФсьи сАгЦи гАоягл;3;2;0;1;;
;ЦйФсьи гАхМж гАцсщА;3;2;0;1;;
;ЦйФсьи гАнжяга гАлДФхМи;3;2;0;1;;
;ЦйФсьи рхгяи ятМо;3;2;0;1;;
;ЦйФсьи гАтМн гхД хгр;3;2;0;1;;
;ЦйФсьи гАЦлуу;3;2;0;1;;
;ЦйФсьи уЕМх гАяФЦМ хнжМяи зМгт;3;2;0;1;;
;ЦйФсьи Цогяс лгргД гАцЕАМи;3;2;0;1;;
;ЦйФсьи глМго гАйЦМр;3;2;0;1;;
;ЦйФсьи гхД йМЦМи гААМАМи;3;2;0;1;;
;ЦйФсьи чгЦяЕ;3;2;0;1;;
;ЦйФсьи мгъЦи цхФзяМт;3;2;0;1;;
;ЦйФсьи гАнтгхМи;3;2;0;1;;
;ЦйФсьи гАяМгД;3;2;0;1;;
;ЦйФсьи зчхЕ хД Дгщз;3;2;0;1;;
;хяДгЦл гАзФч гАщъяМ хЦйФсьи гАнжяга гАлДФхМи;3;2;0;1;;
;хяДгЦл гАзФч гАщъяМ хЦйФсьи зчхи хД Дгщз;3;2;0;1;;
;ЦйФсьи глМгА гАЦзящи гАзгАЦМи хлгргД;3;2;0;1;;
;кгДФМи чгЦяи;4;2;0;1;;
;хяДгЦл гАзФч гАщъяМ хкгДФМи гхФзяМт гАгФАЛ;4;2;0;1;;
;кгДФМи ЦмЦо сгАЦ гАзьгс;4;2;0;1;;
;кгДФМи гАцсгЦАи;4;2;0;1;;
;кгДФМи Цогяс лгргД гАцЕАМи;4;2;0;1;;
;кгДФМи гАхоМз ФгАчящМ;4;2;0;1;;
;кгДФМи Цузх хД зЦМя хцЦ гАмлА;4;2;0;1;;
;кгДФМи рхгяи ятМо;4;2;0;1;;
;кгДФМи нхМх хД зоМ гААМАМи хцхФзяМт;4;2;0;1;;
;кгДФМи гАяМгД;4;2;0;1;;
;кгДФМи гАсгоАМи;4;2;0;1;;
;кгДФМи глМго гАйЦМр;4;2;0;1;;
;кгДФМи глМгА гАЦзящи гАзгАЦМи;4;2;0;1;;
;кгДФМи мгъЦи цхМ зяМт;4;2;0;1;;
;кгДФМи зМгт;4;2;0;1;;
;кгДФМи гАеЦгЦ гАДсгфМ;4;2;0;1;;
;кгДФМи цхФзяМт гАцФАЛ;4;2;0;1;;
;кгДФМи гАФгуАМ;4;2;0;1;;
;кгДФМи ЦФсЛ хД ДуМя;4;2;0;1;;
;Цяър гАеЦгЦ цхФ ЕяМяи АЦмФ гАгЦМи;5;2;0;1;;
;Цяър зЦя хД гАньгх АЦмФ гАгЦМи хехйогфМи гАеЦгЦ ЦсАЦ;5;2;0;1;;
;Цяър уЕМх гАяФЦМ АЦмФ гАцЦМЕ;5;2;0;1;;
;Цяър гАДгхши гАлзоМ АЦмФ гАцЦМи;5;2;0;1;;
;Цяър зьга хД цхМ яхгм АЦмФ гАцЦМи;5;2;0;1;;
;Цяър гАрхМя хД гАзФгЦ АЦмФ гАцЦМи;5;2;0;1;;
;Цяър гхФ хъя гАуоМч АЦмФ гАгЦМи;5;2;0;1;;
;хяДгЦл ЦмФ цЦМи зФч хуяМ хЦяър цхФ хъя гАуоМч;5;2;0;1;;
;гхйогфМи цхФ мля гАцсщА;2;3;0;1;;
;гхйогфМи гАтглД ФгАсФоМ;2;3;0;1;;
;гхйогфМи ймщМы гАчябД гАъяМЦ хгАьФгА;2;3;0;1;;
;гхйогфМи чяьхи;2;3;0;1;;
;гхйогфМи чгфЦ гАзйДи;2;3;0;1;;
;гхйогфМи цДс хД ЦгАъ хгАнАщЕ;2;3;0;1;;
;гхйогфМи гАЦАъ сзФо;2;3;0;1;;
;гхйогфМи гАошгяМя;2;3;0;1;;
;гхйогфМи цсгЦи хД рМо;2;3;0;1;;
;хяДгЦл гАйФмо хехйогфМи мгъЦи гАошгяМя;2;3;0;1;;
;гхйогфМи гАляоМи;2;3;0;1;;
;гхйогфМи гАзхгс хД зхо гАЦьАх;2;3;0;1;;
;гхйогфМи гАФйо;2;3;0;1;;
;гхйогфМи ймщМы гАчябД гАъяМЦ хгАЦФсЦ;2;3;0;1;;
;гхйогфМи гАьФгА;2;3;0;1;;
;гхйогфМи оМмЦи;2;3;0;1;;
;гхйогфМи гАхМсяМ;2;3;0;1;;
;гхйогфМи гАДлгЦМи;2;3;0;1;;
;гхйогфМи гАЦФсЦ;2;3;0;1;;
;хяДгЦл гАзФч гАсЦзМ хгхйогфМи зхогААЕ хД сАЦи;2;3;0;1;;
;гхйогфМи нжяга угЦьи;2;3;0;1;;
;гхйогфМи рЦрЦ;2;3;0;1;;
;гхйогфМи гАЦАъ нгАо хД зхо гАзрМр;2;3;0;1;;
;гхйогфМи гАмжяФя;2;3;0;1;;
;гхйогфМи гАяъФхи;2;3;0;1;;
;хяДгЦл гАзФч гАщъяМ хгхйогфМи мДыАи хД цхМ згЦя;2;3;0;1;;
;гхйогфМи яФго лгргД гАцЕАМи хугЦьи;2;3;0;1;;
;гхйогфМи гАмлщгя;2;3;0;1;;
;гхйогфМи гАмчАи;2;3;0;1;;
;гхйогфМи гАчщА;2;3;0;1;;
;гхйогфМи гАмсД гАхуяМ АймщМы гАчябД;2;3;0;1;;
;хяДгЦл гАйяхМи гАщъяМи хЦояси гАяъФхи гАгхйогфМи;2;3;0;1;;
;гхйогфМи Цнйгяи;2;3;0;1;;
;гхйогфМи ФзАгД;2;3;0;1;;
;гхйогфМи зкЦгД хД зщгД;2;3;0;1;;
;гхйогфМи гАчгосМи;2;3;0;1;;
;гхйогфМи гАлгжз;2;3;0;1;;
;гхйогфМи гАЦлДи;2;3;0;1;;
;гхйогфМи ймщМы гАчябД гАъяМЦ хоМмЦи;2;3;0;1;;
;гхйогфМи гАЦляФх ФгАЦзргх;2;3;0;1;;
;гхйогфМи мгъЦи гАошгяМя;2;3;0;1;;
;гхйогфМи гАсЕМ;2;3;0;1;;
;гхйогфМи зхогААЕ хД сАЦЕ;2;3;0;1;;
;гхйогфМи гАяЦжи ФгАзхоАМи;2;3;0;1;;
;гхйогфМи гААчМи;2;3;0;1;;
;гхйогфМи угмх гАхгя;2;3;0;1;;
;гхйогфМи гАояМзМи;2;3;0;1;;
;гхйогфМи Цлзя;2;3;0;1;;
;гхйогфМи гАлМгДМи;2;3;0;1;;
;гхйогфМи зхогАЦАъ хД ЦяФгД;2;3;0;1;;
;гхйогфМи гАтМн Дгуя нАФщи АймщМы гАчябД;2;3;0;1;;
;гхйогфМи гАтЦЕгДМи;2;3;0;1;;
;гхйогфМи мДыАи хД цхМ згЦя;2;3;0;1;;
;гхйогфМи зЦя хД зхо гАзрМр;2;3;0;1;;
;гхйогфМи гАлягоМи гАкгДМи;2;3;0;1;;
;гхйогфМи тзх бА оЕЦМ;2;3;0;1;;
;гхйогфМи гАлягоМи;2;3;0;1;;
;гхйогфМи ЦгАъ хД цДс хгАзъяи;2;3;0;1;;
;гхйогфМи ъоЦМ гАот;2;3;0;1;;
;гхйогфМи цхФ мля гАцзАЛ;2;3;0;1;;
;гхйогфМи гАляФх;2;3;0;1;;
;гхйогфМи цЦ гАйягх;2;3;0;1;;
;ЦйФсьи ймщМы гАчябД гАъяМЦ хоМмЦи;3;3;0;1;;
;ЦйФсьи гАмсД гАхуяМ АймщМы гАчябД хгАЦчгАМ;3;3;0;1;;
;ЦйФсьи ймщМы гАчябД гАъяМЦ хугЦьи;3;3;0;1;;
;ЦйФсьи ймщМы гАчябД гАъяМЦ хгАьФгА;3;3;0;1;;
;хяДгЦл гАзФч гАсЦзМ хЦйФсьи зхогААЕ хД сАЦи;3;3;0;1;;
;хяДгЦл гАзФч гАсЦзМ гААМАМ хЦйФсьи ьАми хД зхМо гААЕ;3;3;0;1;;
;ЦйФсьи гАФйо;3;3;0;1;;
;ЦйФсьи гАмжяФя;3;3;0;1;;
;ЦйФсьи гАмчАи;3;3;0;1;;
;ЦйФсьи гАтЦЕгДМи;3;3;0;1;;
;ЦйФсьи цЦ гАйягх;3;3;0;1;;
;ЦйФсьи гАхМсяМ;3;3;0;1;;
;ЦйФсьи рЦрЦ;3;3;0;1;;
;ЦйФсьи Цлзя;3;3;0;1;;
;ЦйФсьи гАЦФсЦ;3;3;0;1;;
;ЦйФсьи гААчМи;3;3;0;1;;
;ЦйФсьи Цнйгяи;3;3;0;1;;
;ЦйФсьи цхФ мля гАцсщА;3;3;0;1;;
;ЦйФсьи гАляоМи;3;3;0;1;;
;ЦйФсьи ФзАгД;3;3;0;1;;
;ЦйФсьи угЦьи;3;3;0;1;;
;ЦйФсьи гАзхгс хД зхогАЦьАх;3;3;0;1;;
;ЦйФсьи гАлгжз;3;3;0;1;;
;ЦйФсьи гхД мрЦ;3;3;0;1;;
;ЦйФсьи зхогААЕ хД сАЦи;3;3;0;1;;
;ЦйФсьи оМмЦи;3;3;0;1;;
;ЦйФсьи гАяъФхи;3;3;0;1;;
;ЦйФсьи мгъЦи гАошгяМя;3;3;0;1;;
;ЦйФсьи гАмлщгя;3;3;0;1;;
;ЦйФсьи цхФ мля гАцзАЛ;3;3;0;1;;
;ЦйФсьи цДс хД ЦгАъ хгАнАщи;3;3;0;1;;
;ЦйФсьи гАошгяМя;3;3;0;1;;
;ЦйФсьи ьАми хД зхМогААЕ гААМАМи хугЦьи;3;3;0;1;;
;ЦйФсьи гАЦлДи;3;3;0;1;;
;ЦйФсьи гАсЕМ;3;3;0;1;;
;ЦйФсьи чяьхи;3;3;0;1;;
;ЦйФсьи яФго лгрД гАцЕАМи хугЦьи;3;3;0;1;;
;ЦйФсьи гАояМзМи;3;3;0;1;;
;ЦйФсьи гАлягоМи;3;3;0;1;;
;ЦйФсьи мДыАи хД цхМ згЦя;3;3;0;1;;
;ЦйФсьи сзМо хД рМо гААМАМи;3;3;0;1;;
;ЦйФсьи зхогАЦАъ хД ЦяФгД;3;3;0;1;;
;ЦйФсьи гАДлгЦМи;3;3;0;1;;
;ЦйФсьи гАьФгА;3;3;0;1;;
;хяДгЦл гАзФч гАщъяМ хЦйФсьи мДыАи хД цхМ згЦя;3;3;0;1;;
;ЦйФсьи гАЦзЕо гАзАЦМ хугЦьи;3;3;0;1;;
;хяДгЦл гАзФч гАщъяМ хкгДФМи гААчМи;4;3;0;1;;
;хяДгЦл гАйяхМи гАщъяМи хкгДФМи мДыАи хД цхМ згЦя;4;3;0;1;;
;кгДФМи зЦяФ хД гАлЦФм гААМАМи хугЦьи;4;3;0;1;;
;кгДФМи цхФ мля гАцзАЛ;4;3;0;1;;
;кгДФМи гАояМзМи;4;3;0;1;;
;кгДФМи гАДлгЦМи;4;3;0;1;;
;кгДФМи гАмжяФя;4;3;0;1;;
;кгДФМи гАмчАи;4;3;0;1;;
;кгДФМи гАЦФсЦ;4;3;0;1;;
;кгДФМи яФго лгргД хугЦьи;4;3;0;1;;
;кгДФМи гАошгяМя;4;3;0;1;;
;кгДФМи гАтЕога гААМАМи;4;3;0;1;;
;кгДФМи ФзАгД;4;3;0;1;;
;кгДФМи гАьФгА;4;3;0;1;;
;кгДФМи гАтМн мгщы гАмъЦМ;4;3;0;1;;
;кгДФМи чяьхи;4;3;0;1;;
;кгДФМи оМмЦи;4;3;0;1;;
;кгДФМи рЦрЦ;4;3;0;1;;
;кгДФМи зхогААЕ гАчязгФМ;4;3;0;1;;
;кгДФМи мДыАи хД цхМ згЦя;4;3;0;1;;
;кгДФМи гАеЦгЦ гАьхяМ хесъгД гАнгят;4;3;0;1;;
;кгДФМи гАяъФхи;4;3;0;1;;
;кгДФМи гААчМи;4;3;0;1;;
;кгДФМи гАзхгс хД зхогАЦьАх;4;3;0;1;;
;кгДФМи гАлягоМи;4;3;0;1;;
;хяДгЦл гАзФч гАсЦзМ хкгДФМи гАчязгФМ;4;3;0;1;;
;кгДФМи гАЦзЕо гАзАЦМ хугЦьи;4;3;0;1;;
;Цяър гАЦАъ нгАо АЦмФ гАцЦМЕ;5;3;0;1;;
;Цяър лзщя хД цхМ ьгАх АЦмФ гАцЦМи;5;3;0;1;;
;Цяър мЦри хД зхогАЦьАх АЦмФ гАцЦМЕ;5;3;0;1;;
;Цяър зкЦгД хД зщгД АЦмФ гАцЦМи хтзх гАпМх;5;3;0;1;;
;Цяър нгАо хД гАФАМо АЦмФ гАцЦМи;5;3;0;1;;
;Цяър зЦяФ хД гАзгу АЦмФ гАцЦМЕ;5;3;0;1;;
;Цяър зхо гААЕ хД сАЦи АЦмФ гАцЦМи;5;3;0;1;;
;Цяър ЦгАъ хД цДс хгАзъяи АЦмФ гАцЦМи;5;3;0;1;;
;Цяър рМо хД кгхй АЦмФ гАцЦМи;5;3;0;1;;
;хяДгЦл гАйФмо гАгхйогфМ хЦзЕо гАйяхМи гАщъяМи;2;4;0;1;;
;хяДгЦл жзгщ гАсЦз хгхйогфМи учя гАлрМяи;2;4;0;1;;
;гхйогфМи ймщМы гАчягД гАъяМЦ хцмо гАЦсгями;2;4;0;1;;
;гхйогфМи ймщМы гАчябД гАъяМЦ хгАмхлМи;2;4;0;1;;
;гхйогфМи зхогААЕ хД гАЦхгяъ АймщМы гАчябД гАъяМЦ;2;4;0;1;;
;гхйогфМи ймщМы гАчябД гАъяМЦ хгАнФхи;2;4;0;1;;
;гхйогфМи ймщМы гАчягД гАъяМЦ хгАЦжгМг;2;4;0;1;;
;хяДгЦл гАзФч гАхуяМ хгхйогфМи учя гАлрМяи;2;4;0;1;;
;гхйогфМи гАЦчьгхи-;2;4;0;1;;
;гхйогфМи гАЕлДхи;2;4;0;1;;
;гхйогфМи зЦя хД гАньгх хгАЦягхМ;2;4;0;1;;
;гхйогфМи гАДзЦгД хД ЦгАъ;2;4;0;1;;
;гхйогфМи гАмФягДМ;2;4;0;1;;
;гхйогфМи гАЦяФи;2;4;0;1;;
;гхйогфМи зхогААЕ хД зЦя хгАсАх;2;4;0;1;;
;гхйогфМи язти;2;4;0;1;;
;гхйогфМи гАлзоМи;2;4;0;1;;
;гхйогфМи гАЦДлгяи;2;4;0;1;;
;гхйогфМи сФогДи;2;4;0;1;;
;гхйогфМи гАся;2;4;0;1;;
;гхйогфМи гАнФхи;2;4;0;1;;
;гхйогфМи гАуФгяЦи;2;4;0;1;;
;гхйогфМи гАЦжгМг гАцФАЛ;2;4;0;1;;
;гхйогфМи гАхМьгяМи;2;4;0;1;;
;гхйогфМи гАЦлгЦи;2;4;0;1;;
;гхйогфМи гАсФМоМи;2;4;0;1;;
;гхйогфМи гАшуМДМи;2;4;0;1;;
;гхйогфМи гАхмьМь;2;4;0;1;;
;гхйогфМи гАягми;2;4;0;1;;
;гхйогфМи сФч гААМА;2;4;0;1;;
;гхйогфМи гхД йМЦМи;2;4;0;1;;
;гхйогфМи гАрхяи;2;4;0;1;;
;гхйогфМи гАчяД;2;4;0;1;;
;гхйогфМи мугЦи гАЦмгряи;2;4;0;1;;
;гхйогфМи гАтьМщМи;2;4;0;1;;
;гхйогфМи гАчзчгз хД зЦя;2;4;0;1;;
;гхйогфМи гАзр;2;4;0;1;;
;гхйогфМи гАЦзьД;2;4;0;1;;
;гхйогфМи цЦ гАтзДФД;2;4;0;1;;
;гхйогфМи гАЦучз;2;4;0;1;;
;гхйогфМи гАыЕя;2;4;0;1;;
;хяДгЦл гАйяхМи гАщъяМи гАгхйогфМ хЦзЕо гАйяхМи гАщъяМи;2;4;0;1;;
;гхйогфМи учя гАлрМяи;2;4;0;1;;
;хяДгЦл гАзФч гАщъяМ хехйогфМи гАЦжгМг гАцФАЛ;2;4;0;1;;
;хяДгЦл гАзФч гАщъяМ хгхйогфМи гАягмЕ;2;4;0;1;;
;гхйогфМи гАнЦс;2;4;0;1;;
;гхйогфМи гАляФщ;2;4;0;1;;
;гхйогфМи гАмуЦи;2;4;0;1;;
;гхйогфМи ЦрЕяи;2;4;0;1;;
;гхйогфМи цсМо хД мжМя;2;4;0;1;;
;гхйогфМи яЦгои нАх;2;4;0;1;;
;гхйогфМи зчои гАмъгЦМи;2;4;0;1;;
;гхйогфМи цхМ пя гАшщгяМ;2;4;0;1;;
;гхйогфМи гАмугЦи;2;4;0;1;;
;гхйогфМи лмг;2;4;0;1;;
;гхйогфМи зМсгД;2;4;0;1;;
;гхйогфМи гАмгЦжи;2;4;0;1;;
;гхйогфМи гАтМн ЦмЦо хД зкМЦМД;2;4;0;1;;
;гхйогфМи сзо хД нМкЦи;2;4;0;1;;
;гхйогфМи чрз;2;4;0;1;;
;гхйогфМи гАыхяи;2;4;0;1;;
;гхйогфМи нжяга гАнАщи;2;4;0;1;;
;гхйогфМи гАмхлМи;2;4;0;1;;
;ЦйФсьи сФогДи;3;4;0;1;;
;ЦйФсьи лзщя гАьМгя;3;4;0;1;;
;ЦйФсьи цсМо хД мжМя;3;4;0;1;;
;хяДгЦл гАзФч гАхуяМ хЦйФсьи гАзр;3;4;0;1;;
;ЦйФсьи цмо гАЦсгями;3;4;0;1;;
;ЦйФсьи лмг;3;4;0;1;;
;ЦйФсьи гАхМьгяМи;3;4;0;1;;
;ЦйФсьи гАуФгяЦи;3;4;0;1;;
;ЦйФсьи ймщМы гАчябД гАъяМЦ хгАЦжгМг;3;4;0;1;;
;ЦйФсьи рМо хД мгяки хесъгД гАмуЦи;3;4;0;1;;
;ЦйФсьи гАЦяФи;3;4;0;1;;
;ЦйФсьи гАЦДлгяи;3;4;0;1;;
;ЦйФсьи гАФмАи;3;4;0;1;;
;ЦйФсьи Фячи хД ДФщА гААМАМи хгАцмо;3;4;0;1;;
;хяДгЦл гАйФмо хЦйФсьи ЦзЕо гАйяхМи гАщъяМи хгАмуЦи;3;4;0;1;;
;ЦйФсьи гАягми;3;4;0;1;;
;ЦйФсьи гАЦмгЦА;3;4;0;1;;
;ЦйФсьи гАмгЦжЕ;3;4;0;1;;
;ЦйФсьи гАчяД;3;4;0;1;;
;ЦйФсьи гАЦчьгхи;3;4;0;1;;
;ЦйФсьи ймщМы гАчябД гАъяМЦ  хцмо гАЦсгями;3;4;0;1;;
;ЦйФсьи гАмхлМЕ;3;4;0;1;;
;ЦйФсьи гАлзоМи;3;4;0;1;;
;ЦйФсьи гАЦягхМ;3;4;0;1;;
;ЦйФсьи гАсФМоМи;3;4;0;1;;
;ЦйФсьи гАыхяи;3;4;0;1;;
;ЦйФсьи зхогААЕ хД зЦя хгАсАх;3;4;0;1;;
;хяДгЦл гАйяхМи гАщъяМи гАЦйФсьи хЦзЕо гАйяхМи гАщъяМи;3;4;0;1;;
;ЦйФсьи гАДзЦгД хД ЦгАъ;3;4;0;1;;
;ЦйФсьи гАнФхи;3;4;0;1;;
;ЦйФсьи ЦрЕяи;3;4;0;1;;
;ЦйФсьи гАзр;3;4;0;1;;
;ЦйФсьи ймщМы гАчябД гАъяМЦ хгАнФхи;3;4;0;1;;
;ЦйФсьи гАцЦМя сзФо гАщМуА хгАмуЦи;3;4;0;1;;
;ЦйФсьи цЦ гАтзДФД;3;4;0;1;;
;ЦйФсьи гхД ЦглЕ гААМАМи;3;4;0;1;;
;хяДгЦл гАйяхМи гАщъяМи гАЦйФсьи хгхйогфМи гАЦжгМг гАцФАЛ;3;4;0;1;;
;ЦйФсьи гАягми - йяхМи нгуи;3;4;0;1;;
;хяДгЦл гАйяхМи гАщъяМи гАкгДФМ хЦзЕо гАйяхМи гАщъяМи;4;4;0;1;;
;хяДгЦл гАйяхМи гАщъяМи хкгДФМи зЦя хД гАньгх хгАЦягхМ;4;4;0;1;;
;кгДФМи гАДзЦгД хД ЦгАъ;4;4;0;1;;
;кгДФМи гАыхяи;4;4;0;1;;
;кгДФМи гАЦягхМ;4;4;0;1;;
;кгДФМи гАсФМоМи;4;4;0;1;;
;кгДФМи гАЦДлгяи;4;4;0;1;;
;кгДФМи гАнФхи;4;4;0;1;;
;кгДФМи гАхяга хД згрх гААМАМи;4;4;0;1;;
;кгДФМи гАягми;4;4;0;1;;
;кгДФМи гАцмо;4;4;0;1;;
;кгДФМи рМо хД мгяки хесъгД гАмуЦи;4;4;0;1;;
;кгДФМи гАлзоМи;4;4;0;1;;
;кгДФМи мьМД;4;4;0;1;;
;кгДФМи лмг;4;4;0;1;;
;кгДФМи гАзр;4;4;0;1;;
;кгДФМи ЦрЕяи;4;4;0;1;;
;кгДФМи гАЦяФи;4;4;0;1;;
;кгДФМи цсМо хД мжМя;4;4;0;1;;
;кгДФМи лзщя гАьМгя-;4;4;0;1;;
;кгДФМи нхгх хД гАцяй гААМАМи хгАцмо;4;4;0;1;;
;кгДФМи зхогААЕ хД зЦя хгАсАх;4;4;0;1;;
;хяДгЦл гАзФч гАхуяМ хкгДФМи гАзр;4;4;0;1;;
;Цяър цхФ цМФх гАцДугяМ АЦмФ гАцЦМи;5;4;0;1;;
;Цяър цхФ пя гАшщгяМ АЦмФ гАцЦМи;5;4;0;1;;
;Цяър мпМщи хД гАМЦгД АЦмФ гАцЦМи;5;4;0;1;;
;Цяър зхогААЕ хД яФгми АЦмФ гАцЦМи;5;4;0;1;;
;Цяър гАеЦгЦ гАхнгяМ АЦмФ гАцЦМи;5;4;0;1;;
;Цяър цсгЦи хД рМо АЦмФ гАцЦМи;5;4;0;1;;
;Цяър цхФ гАояога АЦмФ гАцЦМЕ;5;4;0;1;;
;гхйогфМи ймщы гАчягД гАъяМЦ ххьмгД;2;5;0;1;;
;гхйогфМи ймщМы гАчябД хгАзгяжи;2;5;0;1;;
;гхйогфМи лхА ДзтгФ;2;5;0;1;;
;гхйогфМи ьАмЕ хД зхМогААЕ;2;5;0;1;;
;гхйогфМи ЦзгФМи хД цхМ сщМгД;2;5;0;1;;
;гхйогфМи смгя;2;5;0;1;;
;гхйогфМи мЦри хД зхо гАЦьАх;2;5;0;1;;
;гхйогфМи гАцЦМя сАьгД хД зхогАзрМр;2;5;0;1;;
;гхйогфМи сзо хД зхгои;2;5;0;1;;
;гхйогфМи гАсзгоМ;2;5;0;1;;
;гхйогфМи гАомАи;2;5;0;1;;
;гхйогфМи гАЦряч;2;5;0;1;;
;гхйогфМи гАшяхМ хсАг;2;5;0;1;;
;гхйогфМи гАмЦМяи;2;5;0;1;;
;гхйогфМи гАмДхъи;2;5;0;1;;
;гхйогфМи гАеЦгЦ гАшргАМ;2;5;0;1;;
;гхйогфМи гАзчхи;2;5;0;1;;
;гхйогфМи гАчАА;2;5;0;1;;
;гхйогфМи гАъяФс;2;5;0;1;;
;гхйогфМи гАмДхи;2;5;0;1;;
;гхйогфМи гАчязи хсАг;2;5;0;1;;
;гхйогфМи мпМщЕ хД гАМЦгД;2;5;0;1;;
;гхйогфМи гАчухи;2;5;0;1;;
;гхйогфМи мсгД хД кгхй;2;5;0;1;;
;гхйогфМи зъгти хД ЦмуД;2;5;0;1;;
;гхйогфМи тячМ Фячи;2;5;0;1;;
;гхйогфМи зхъ;2;5;0;1;;
;гхйогфМи гАлФЕ;2;5;0;1;;
;гхйогфМи гАцячЦ хД цхМ гАцячЦ хгАцМйгЦ;2;5;0;1;;
;гхйогфМи гАрхМя хД гАзФгЦ хлхА гАлпЦ;2;5;0;1;;
;гхйогфМи гАочМчи;2;5;0;1;;
;гхйогфМи хДМ ЦзМД;2;5;0;1;;
;хяДгЦл гАзФч гАщъяМ хгхйогфМи ФгоМ гАсгЕМЕ;2;5;0;1;;
;хяДгЦл гАзФч гАщъяМ хгхйогфМи гАзчхи хлхА гАцМйгЦ;2;5;0;1;;
;хяДгЦл гАзФч гАщъяМ хгхйогфМи рМо хД кгхй хгАсФои;2;5;0;1;;
;хяДгЦл гАзФч гАхуяМ хгхйогфМи ФгоМ гАсгЕМи;2;5;0;1;;
;гхйогфМи гАуМгхи;2;5;0;1;;
;хяДгЦл гАйФмо хЦояси ФгоМ гАсгЕМи гАгхйогфМи;2;5;0;1;;
;гхйогфМи зЦяФ хД чМс;2;5;0;1;;
;гхйогфМи чгфЦ цмЦоМДМ;2;5;0;1;;
;гхйогфМи гАзгяжи;2;5;0;1;;
;гхйогфМи гАЦхМй;2;5;0;1;;
;гхйогфМи гАяо;2;5;0;1;;
;гхйогфМи хАгь гАтЕога;2;5;0;1;;
;гхйогфМи ЦмЦо хД зхо гАФЕгх;2;5;0;1;;
;гхйогфМи гАеЦгЦ гАДФФМ хгАзгяжи;2;5;0;1;;
;гхйогфМи ФгоМ гАсгЕМи;2;5;0;1;;
;хяДгЦл гАзФч гАсЦзМ хгхйогфМи гАзчхи;2;5;0;1;;
;ЦйФсьи ймщМы гАчябД хгАзгяжи;3;5;0;1;;
;ЦйФсьи ймщМы гАчягД гАъяМЦ щМ хьмгД;3;5;0;1;;
;ЦйФсьи зЦяФ хД чМс;3;5;0;1;;
;ЦйФсьи ЦзгФМи хД цхМ сщМгД;3;5;0;1;;
;ЦйФсьи гАъяФс;3;5;0;1;;
;ЦйФсьи чгфЦ гмЦоМДМ;3;5;0;1;;
;ЦйФсьи гАсзгоМ;3;5;0;1;;
;ЦйФсьи мЦрЕ хД зхо гАЦьАх хзяч;3;5;0;1;;
;ЦйФсьи гАчязи хсАг;3;5;0;1;;
;ЦйФсьи гАуМгхЕ;3;5;0;1;;
;ЦйФсьи смгя;3;5;0;1;;
;ЦйФсьи гАцЦМя ЦмЦо хД ДгМщ  хгАчухи;3;5;0;1;;
;ЦйФсьи ФгоМ гАсгЕМи;3;5;0;1;;
;ЦйФсьи хАгь гАтЕога хгАзгяжи;3;5;0;1;;
;ЦйФсьи гАмЦМяи;3;5;0;1;;
;ЦйФсьи гАочМчЕ;3;5;0;1;;
;ЦйФсьи хДМ ЦзМД;3;5;0;1;;
;ЦйФсьи ъзх хД ЦгАъ гААМАМи хгАзгяжи;3;5;0;1;;
;ЦйФсьи гАеЦгЦ гАДФФМ хгАзгяжи;3;5;0;1;;
;ЦйФсьи гАеЦгЦ гАшргАМ;3;5;0;1;;
;ЦйФсьи гАрхМя хД гАзФгЦ хлхА гАлпЦ;3;5;0;1;;
;ЦйФсьи гАяо;3;5;0;1;;
;ЦйФсьи гАцЦМя сАьгД хД зхо гАзрМр хчгфЦ гАзчЦ;3;5;0;1;;
;ЦйФсьи мпМщЕ хД гАМЦгД щМ цхФгАзтяи;3;5;0;1;;
;ЦйФсьи гАлФЕ;3;5;0;1;;
;ЦйФсьи гАцячЦ гхД цхМ гАцячЦ хгАцМйгЦ;3;5;0;1;;
;ЦйФсьи сзо хД зхгои;3;5;0;1;;
;ЦйФсьи лхА ДзтгФ;3;5;0;1;;
;ЦйФсьи гАзгяжЕ;3;5;0;1;;
;хяДгЦл гАйяхМи гАщъяМи хЦйФсьи ФгоМ гАсгЕМи;3;5;0;1;;
;хяДгЦл гАйяхМи гАщъяМи хЦояси гАцячЦ хД цхМ гАцячЦ гАЦйФсьи;3;5;0;1;;
;ЦйФсьи гАЦзЕо гАзАЦМ хгАзгяжи;3;5;0;1;;
;хяДгЦл гАйяхМи гАщъяМи хЦйФсьи рМо хД кгхй;3;5;0;1;;
;хяДгЦл зФч сЦзМ хЦйФсьи гАцячЦ хД цхМ гАцячЦ;3;5;0;1;;
;хяДгЦл гАзФч гАхуяМ хЦйФсьи ФгоМ гАсгЕМи;3;5;0;1;;
;хяДгЦл гАйяхМи гАщъяМи хкгДФМи ймщМы гАзгяжи;4;5;0;1;;
;кгДФМи гАеЦгЦ гАДФФМ хгАзгяжи;4;5;0;1;;
;кгДФМи гАчязи хсАг;4;5;0;1;;
;кгДФМи гАзгяжи;4;5;0;1;;
;кгДФМи гАеЦгЦ гАтгщзМ хгАзгяжи;4;5;0;1;;
;кгДФМи нМхя гААМАМи хгАзгяжи;4;5;0;1;;
;кгДФМи лхА ДзтгФ;4;5;0;1;;
;кгДФМи гАмЦМяи;4;5;0;1;;
;кгДФМи гАцячЦ хД цхМ гАцячЦ хгАцМйгЦ;4;5;0;1;;
;кгДФМи гАлФи;4;5;0;1;;
;кгДФМи мЦрЕ хД зхо гАЦьАх;4;5;0;1;;
;кгДФМи зЦяФ хД чМс;4;5;0;1;;
;кгДФМи гАцЦМя ЦмЦо хД ДгМщ хгАчухи;4;5;0;1;;
;кгДФМи смгя;4;5;0;1;;
;кгДФМи гАЦзЕо гАзАЦМ хгАзгяжи;4;5;0;1;;
;хяДгЦл гАзФч гАсЦзМ хкгДФМи гАцячЦ хД цхМ гАцячЦ хгАзгяжи;4;5;0;1;;
;Цяър хАгА хД яхгм АЦмФ гАцЦМи;5;5;0;1;;
;Цяър ьгяч хД рМго АЦмФ гАцЦМи;5;5;0;1;;
;Цяър ЦзгФМи хД цхМ сщМгД АЦмФ гАцЦМи;5;5;0;1;;
;Цяър чйМхи хД ЦсАЦ АЦмФ гАцЦМи;5;5;0;1;;
;Цяър мсгД хД кгхй АЦмФ гАцЦМЕ;5;5;0;1;;
;Цяър гАеЦгЦ ЦмЦо хД зхогАФЕгх АЦмФ гАцЦМи;5;5;0;1;;
;Цяър ЦФсЛ хД ДуМя АЦмФ гАцЦМЕ;5;5;0;1;;
;Цяър ЦмФ гАцЦМи хзЦяФ хД чМс;5;5;0;1;;
;Цяър зЦя хД зхогАзрМр АЦмФ гАцЦМи;5;5;0;1;;
;Цяър ЕгяФД гАятМо АЦмФ гАцЦМи;5;5;0;1;;
;гхйогфМи уМя;2;6;0;1;;
;гхйогфМи пгй гАуФгяМ;2;6;0;1;;
;гхйогфМи гАсчМо;2;6;0;1;;
;гхйогфМи зхогААЕ хД цхМ гАсям;2;6;0;1;;
;гхйогфМи щясгД;2;6;0;1;;
;хяДгЦл гАйяхМи гАщъяМи хгхйогфМи пгй гАуФгяМ хщясгД;2;6;0;1;;
;ЦйФсьи уМя;3;6;0;1;;
;ЦйФсьи щясгД гААМАМи;3;6;0;1;;
;ЦйФсьи щясгД;3;6;0;1;;
;ЦйФсьи гАсчМо;3;6;0;1;;
;ЦйФсьи пгй гАуФгяМ;3;6;0;1;;
;хяДгЦл гАйяхМи гАщъяМи хЦйФсьи пгй гАуФгяМ хщясгД;3;6;0;1;;
;кгДФМи гАцЦМя ДгМщ хщясгД;4;6;0;1;;
;кгДФМи уМя;4;6;0;1;;
;кгДФМи щясгД гААМАМи;4;6;0;1;;
;хяДгЦл гАйяхМи гАщъяМи хкгДФМи гАцЦМя ДгМщ хщясгД;4;6;0;1;;
;Цяър уАгм гАоМД гАцМФхМ АЦмФ гАцЦМи;5;6;0;1;;
;яФжи ЦФЕхи гАьщФАи гАгЕАМи;1;7;0;1;;
;яФжи ФмжгДи уДгз гАЦсйчхА гАцЕАМи;1;7;0;1;;
;яФжи гАлМА гАДгхш гАцЕАМи;1;7;0;1;;
;яФжи хуЦи гАьщФАи гАцЕАМи;1;7;0;1;;
;яФжи рЕягй гАЦсйчхА гАцЕАМи;1;7;0;1;;
;яФжи зАФЦ лгргД гАзгАЦМЕ;1;7;0;1;;
;яФжи хФгхи гАьщА гАзгАЦМЕ;1;7;0;1;;
;яФжи ФмжгДи ньФи цФАЛ гАзгАЦМи;1;7;0;1;;
;яФжи ФмжгДи сЦг лгргД гАзгАЦМЕ;1;7;0;1;;
;яФжи яМгж лгргД гАзгАЦМи;1;7;0;1;;
;хяДгЦл гАйонА гАЦхъя хЦяър цЦ гАЦдЦДМД ноМли хДй нФМАо;1;7;0;1;;
;яМгж цьщгА Цояси ЦсйчхА гАцЦлго гАзгАЦМи;1;7;0;1;;
;яФжи гАехогз;1;7;0;1;;
;яФжи гАъяхФс;1;7;0;1;;
;яФжи гАщчЕга;1;7;0;1;;
;яФжи хнти;1;7;0;1;;
;яФжи ФмжгДи хягзЦ гАДФя гАцЕАМи;1;7;0;1;;
;яФжи гАзуЦга хДй гАмгяк хмМ гАущг;1;7;0;1;;
;гАяФжи гАцФАЛ хлгргД;1;7;0;1;;
;хяДгЦл гАйонА гАЦхъя хгАяФжи гАсгоси хлгргД;1;7;0;1;;
;яФжи гАтЦФс хДй ЦгАъ;1;7;0;1;;
;яФжи гАМгсЦМД хЦмАМи;1;7;0;1;;
;яФжи гАнДсга хгАчзгяМи;1;7;0;1;;
;яФжи гАзЦМяМи;1;7;0;1;;
;гАяФжи гАкгДМи хгАЦзхФл;1;7;0;1;;
;гАяФжи гАсгоси хлгргД;1;7;0;1;;
;яФжи сЦяга гАцДугяМи гАЦАмчи хгАмгоМи зтя;1;7;0;1;;
;гАяФжи гАягхзи хлгргД;1;7;0;1;;
;яФжи ЦмАМи;1;7;0;1;;
;гАяФжи гАцФАЛ  хгАЦзхФл;1;7;0;1;;
;яФжи ДФщ хДй зхогАзрМр хгАьЦми;1;7;0;1;;
;гАяФжи гАкгДМи хлгргД;1;7;0;1;;
;гАяФжи гАнгЦси хлгргД;1;7;0;1;;
;гАяФжи гАкгАки хлгргД;1;7;0;1;;
;яФжи гАяхгх хДй гАхяга хмМ гАсФМс;1;7;0;1;;
;Цяър цЦ гАЦдЦДМД ноМли хДй нФМАо ААйФмо;2;7;0;1;;
;гхйогфМи  ймщМы гАчябД гАцФАЛ хлгргД;2;7;0;1;;
;гхйогфМи ймщМы гАчябД гАкгДМи хлгргД;2;7;0;1;;
;хяДгЦл щуФА гАДФя хгАгхйогфМи гАкгДМи хлгргД;2;7;0;1;;
;гАгхйогфМи  гАцФАЛ хгАЦзхФл;2;7;0;1;;
;гхйогфМи гАзтФи;2;7;0;1;;
;гАгхйогфМи гАсгхзи хлгргД;2;7;0;1;;
;гхйогфМи  омМчи;2;7;0;1;;
;гхйогфМи уДгз гАЦсйчхА гАцЕАМи- щуФА ЦАмчи;2;7;0;1;;
;гхйогфМи хягзЦ гАДФя гАгЕАМи- щуФА ЦАмчи;2;7;0;1;;
;гАгхйогфМи гАягхзи хлгргД;2;7;0;1;;
;гхйогфМи хнти;2;7;0;1;;
;гхйогфМи  гАщчЕга;2;7;0;1;;
;Цояси гАьщФАи гАЦхъяи хяФжи гАзЦМяМи ФгАнягоАи;2;7;0;1;;
;гАгхйогфМи гАкгАки хлгргД;2;7;0;1;;
;гхйогфМи гАтФгляи;2;7;0;1;;
;Цояси гАДлгм ААьщФАи гАЦхъяи;2;7;0;1;;
;Цояси гАьщФАи гАЦхъяи хгАяФжи гАнгЦси;2;7;0;1;;
;гхйогфМи  гАЦчгяМи;2;7;0;1;;
;гАгхйогфМи гАкгАки хгАЦзхФл;2;7;0;1;;
;гАгхйогфМи гАцФАЛ хлгргД;2;7;0;1;;
;ехйогфМи Цогяс лгргД гАцЕАМи ААхДгй;2;7;0;1;;
;гхйогфМи гАчзгяМи;2;7;0;1;;
;гАгхйогфМи гАмгоМи зтяи хлгргД;2;7;0;1;;
;гхйогфМи ЦмАМи;2;7;0;1;;
;Цояси гАехогз ААьщФАи гАЦхъяи;2;7;0;1;;
;гхйогфМи рЕягй гАЦсйчхА гАцЕАМи;2;7;0;1;;
;гАгхйогфМи  гАкгДМи хлгргД;2;7;0;1;;
;гхйогфМи гАьЦми;2;7;0;1;;
;гАгхйогфМи гАнгЦси хлгргД;2;7;0;1;;
;гАгхйогфМи гАсгоси хлгргД;2;7;0;1;;
;гАгхйогфМи  гАкгДМи хгАЦзхФл;2;7;0;1;;
;гхйогфМи гАъяхФс;2;7;0;1;;
;Цояси гАтЦФс хДй ЦгАъ ААьщФАи гАЦхъяи;2;7;0;1;;
;гхйогфМи яМгж лгргД - гАЦсгя гАЦуяМ;2;7;0;1;;
;хяДгЦл гАйяхМи гАщъяМи хгхйогфМи гАзЦМяМи ФгАнягоАи;2;7;0;1;;
;хягЦл гАйяхМи гАщъяМи хгАгхйогфМи гАцФАЛ хлгргД;2;7;0;1;;
;лЦзМи гАцьщгА пФМ гАезгчи хлгргД;2;7;0;1;;
;гхйогфМи яМгж лгргД гАзгАЦМи - хДгй;2;7;0;1;;
;гхйогфМи сЦг лгргД гАзгАЦМи - щуФА ЦАмчи;2;7;0;1;;
;гхйогфМи ньФи цФАЛ гАзгАЦМи;2;7;0;1;;
;гхйогфМи хФгхи гАьщА гАзгАЦМи- щуФА ЦАмчи;2;7;0;1;;
;ехйогфМи Цояси ЦсйчхА гАцЦлго гАзгАЦМи;2;7;0;1;;
;гхйогфМи зАФЦ лгргД гАзгАЦМи хДгй;2;7;0;1;;
;хяДгЦл щуФА гАцЦА хгхйогфМи ймщМы гАчябД гАкгДМи хлгргД;2;7;0;1;;
;хяДгЦл жзгщ гАсЦз хгАгхйогфМи гАкгЦДи хлгргД;2;7;0;1;;
;гАгхйогфМи  гАйгсзи хлгргД;2;7;0;1;;
;гхйогфМи гАзЦМяМи ФгАнягоАи;2;7;0;1;;
;гАгхйогфМи гАзгтяи хлгргД;2;7;0;1;;
;гАгхйогфМи  гАкгЦДи хлгргД;2;7;0;1;;
;ЦйФсьи ймщМы гАчябД гАцФАЛ хлгргД;3;7;0;1;;
;хяДгЦл щуФА гАДФя хгАЦйФсьи гАкгДМи хлгргД;3;7;0;1;;
;ЦйФсьи йзАМЦ гАъхМягй хлгргД;3;7;0;1;;
;ЦйФсьи хкМДи хДй гАДзЦгД хмМ гАяФжи гАтЦгАМ;3;7;0;1;;
;гАЦйФсьи гАцФАЛ хгАЦзхФл;3;7;0;1;;
;ЦйФсьи гАъяхФс;3;7;0;1;;
;гАЦйФсьи гАкгДМи хгАЦзхФл;3;7;0;1;;
;гАЦйФсьи гАнгЦси хлгргД;3;7;0;1;;
;гАЦйФсьи гАкгАки хлгргД;3;7;0;1;;
;ЦйФсьи гАтФгляи;3;7;0;1;;
;ЦйФсьи Цогяс лгргД гАцЕАМи ААхДгй;3;7;0;1;;
;ЦйФсьи гАщчЕга;3;7;0;1;;
;ЦйФсьи ЦмАМи;3;7;0;1;;
;ЦйФсьи омМчи;3;7;0;1;;
;ЦйФсьи гАьЦми;3;7;0;1;;
;ЦйФсьи гАзЦМяМи ФгАнягоАи;3;7;0;1;;
;ЦйФсьи лФЕяи гАщъя гАгЕАМи;3;7;0;1;;
;гАЦйФсьи гАкгДМи хлгргД;3;7;0;1;;
;гАЦйФсьи гАягхзи хлгргД;3;7;0;1;;
;гАЦйФсьи гАцФАЛ хлгргД;3;7;0;1;;
;ЦйФсьи яМгж лгргД -гАЦсгя гАЦуяМ;3;7;0;1;;
;хяДгЦл гАйяхМи гАщъяМи хгАЦйФсьи гАцФАЛ хлгргД;3;7;0;1;;
;ЦйФсьи яМгж лгргД гАзгАЦМи - хДгй;3;7;0;1;;
;ЦйФсьи Цояси ЦсйчхА гАцЦлго гАзгАЦМи;3;7;0;1;;
;ЦйФсьи зАФЦ лгргД гАзгАЦМи.;3;7;0;1;;
;хяДгЦл щуФА гАцЦА хЦйФсьи хкМДи хДй гАДзЦгД;3;7;0;1;;
;хяДгЦл гАйяхМи гАщъяМи хгАкгДФМи гАсгоси хлгргД;4;7;0;1;;
;кгДФМи гАЦзхФл;4;7;0;1;;
;кгДФМи ЦмАМи;4;7;0;1;;
;кгДФМи Цогяс лгргД гАгЕАМи йзАМЦ гАъхМягй;4;7;0;1;;
;кгДФМи Цогяс лгргД гАгЕАМи ААхДгй;4;7;0;1;;
;гАкгДФМи гАягхзи хлгргД;4;7;0;1;;
;кгДФМи йзАМЦ гАъхМягй щМ лгргД;4;7;0;1;;
;гАкгДФМи гАкгДМи хлгргД;4;7;0;1;;
;кгДФМи гАъяхФс;4;7;0;1;;
;гАкгДФМи гАкгАки хлгргД;4;7;0;1;;
;гАкгДФМи гАсгоси хлгргД;4;7;0;1;;
;гАкгДФМи гАнгЦси хлгргД;4;7;0;1;;
;гАкгДФМи гАцФАЛ хлгргД ээ Цсгягй;4;7;0;1;;
;кгДФМи лФЕяи гАщъя гАцЕАМи йзАМЦ гАъхМягй;4;7;0;1;;
;кгДФМи лФЕяи гАщъя гАгЕАМи;4;7;0;1;;
;хяДгЦл щуФА гАДФя хкгДФМи гАъяхФс;4;7;0;1;;
;хяДгЦл гАзФч гАсЦзМ хгАкгДФМи гАягхзи хлгргД;4;7;0;1;;
;гхйогфМи цЦ цсЦга хДй зЦМс АйзАМЦ гАъхгя;5;7;0;1;;
;гхйогфМи ДФяи хДй зхогАямЦД бА сзФо АйзАМЦ гАъхгя;5;7;0;1;;
;гхйогфМи цЦ ЕгДМ гАцДугяМ АйзАМЦ гАъхгя;5;7;0;1;;
;гхйогфМи щгьЦи гАцсоМи АйзАМЦ гАъхгя;5;7;0;1;;
;яФжи чгои гАйшММя;1;8;0;1;;
;яФжи зугщМя гАехогз гАцЕАМи;1;8;0;1;;
;яФжи ФмжгДи сДгхА гАьщФАи гАцЕАМи;1;8;0;1;;
;яФжи гАьщФАи гАЦЦйзи гАцЕАМи;1;8;0;1;;
;мжгДи Ф яФжи тЦФз гАзАЦ гАцЕАМи;1;8;0;1;;
;яФжи глМго гАйЦМр гАгЕАМи;1;8;0;1;;
;яФжи ФмжгДи ьАгфз гАЦло гАцЕАМи;1;8;0;1;;
;яФжи цлМгА гАЦзящи гАзгАЦМи;1;8;0;1;;
;яФжи глМго гАйЦМр гАгЕАМи- гАйяхМи гАнгуи;1;8;0;1;;
;яФжи хягзЦ гАйДЦМи гАцЕАМи - гАйяхМи гАнгуи;1;8;0;1;;
;яФжи сДгхА гАьщФАЕ гАгЕАМи - гАйяхМи гАнгуи;1;8;0;1;;
;яФжи цьщгА гАнтгхМи;1;8;0;1;;
;яФжи лЦМАи хДй зЦя хД гАньгх хгАЦлуу;1;8;0;1;;
;яФжи мсДга хДй ЦзгФМи хцхФ зяМт;1;8;0;1;;
;яФжи гАзАЦ хгАшУяМЬЖх;1;8;0;1;;
;яФжи зМгт;1;8;0;1;;
;яФжи хЕМи гАЦгрДМи хнжМяи зМгт;1;8;0;1;;
;яФжи мАМЦи гАсзоМи хнжМя;1;8;0;1;;
;яФжи мхМхи хДй сЕА хнхй сзМо;1;8;0;1;;
;яФжи хягзЦ гАйДЦМи гАцЕАМи;1;8;0;1;;
;яФжи гАъФгЦАи;1;8;0;1;;
;яФжи нФАи хДй згуЦ хрхгяи ятМо;1;8;0;1;;
;гАяФжи гАцФАЛ хцхФзяМт;1;8;0;1;;
;яФжи мгъЦи цхФ зяМт;1;8;0;1;;
;яФжи гАнжяга гАтЦгАМи;1;8;0;1;;
;яФжи гАФгуАМ;1;8;0;1;;
;яФжи сАгщи хДй гАхяга хгАсгоАМи;1;8;0;1;;
;яФжи уДхи;1;8;0;1;;
;яФжи ягм гАмлгли;1;8;0;1;;
;гАяФжи гАягхзи хцхФ зяМт;1;8;0;1;;
;яФжи цЦМи хДй цхМ сщМгД хчДхФяи;1;8;0;1;;
;яФжи гАцсгЦАи;1;8;0;1;;
;яФжи ущФи;1;8;0;1;;
;яФжи гАяМгД;1;8;0;1;;
;яФжи гАхМж гАцзАЛ;1;8;0;1;;
;яФжи гАхМж гАцсщА;1;8;0;1;;
;яФжи гАЕоЛ хгАляхи;1;8;0;1;;
;яФжи гАехйъгя хгАчФМзМи;1;8;0;1;;
;яФжи гАхоМз ФгАчящМ;1;8;0;1;;
;гАяФжи гАкгАки хцхФ зяМт;1;8;0;1;;
;гАяФжи гАкгДМи хцхФ зяМт;1;8;0;1;;
;яФжи гАхтгфя хцхФ гАлЕФи;1;8;0;1;;
;яФжи гАнжяга гАлДФхМи;1;8;0;1;;
;гхйогфМи цлМго гАйЦМр гАцЕАМи - гАйяхМи гАнгуи;2;8;0;1;;
;гхйогфМи хягзЦ гАйДЦМи гАцЕАМи - гАйяхМи гАнгуи;2;8;0;1;;
;хяДгЦл жзгщ гАсЦз хгАгхйогфМи гАцФАЛ хцхФ зяМт;2;8;0;1;;
;гхйогфМи ймщМы гАчябД хгАхоМз ФгАчящМ;2;8;0;1;;
;гхйогфМи ймщМы гАчябД гАъяМЦ хцхФзяМт;2;8;0;1;;
;щуФА гАДФя  хгАгхйогфМи гАкгДМи хгАхоМз ФгАчящМ;2;8;0;1;;
;гАгхйогфМи гАцФАЛ хцхФ зяМт;2;8;0;1;;
;гхйогфМи гАхМж гАцсщА;2;8;0;1;;
;гхйогфМи  гАсо;2;8;0;1;;
;гАгхйогфМи гАкгДМи хмгъЦи цхФ зяМт;2;8;0;1;;
;гхйогфМи гАхМж гАцзАЛ;2;8;0;1;;
;гАьщФАи гАЦхъяи хущФи;2;8;0;1;;
;гхйогфМи  гАсгоАМи;2;8;0;1;;
;гхйогфМи  гАзчои;2;8;0;1;;
;гхйогфМи  цхФ гАлЕФи;2;8;0;1;;
;гхйогфМи Цогяс лгргД гАцЕАМи хцхФ зяМт;2;8;0;1;;
;гАгхйогфМи гАцФАЛ хгАхоМз ФгАчящМ;2;8;0;1;;
;гхйогфМи глМго гАйЦМр гАгЕАМи;2;8;0;1;;
;гхйогфМи  сАгЦи гАоягл;2;8;0;1;;
;гхйогфМи нхй сзМо;2;8;0;1;;
;гАгхйогфМЕ гАсгоси хцхФ зяМт;2;8;0;1;;
;гАгхйогфМи гАкгДМи хцхФ зяМт;2;8;0;1;;
;гхйогфМи гАшяМх;2;8;0;1;;
;гхйогфМи нжМя;2;8;0;1;;
;гхйогфМи  ягм гАмлгли;2;8;0;1;;
;гхйогфМи  зМгт;2;8;0;1;;
;гхйогфМи  гАЦлуу;2;8;0;1;;
;Цояси гАьщФАи гАЦхъяи хгАнжяга гАтЦгАМи;2;8;0;1;;
;гхйогфМи чгЦяи;2;8;0;1;;
;гхйогфМи хмяи;2;8;0;1;;
;гхйогфМи  гАъФгЦАи;2;8;0;1;;
;гхйогфМи нжМяи зМгт;2;8;0;1;;
;Цояси гАьщФАи гАЦхъяи хгхйогфМи рхгяи ятМо;2;8;0;1;;
;гАгхйогфМи гАкгАки хцхФ зяМт;2;8;0;1;;
;гхйогфМи цсЦга хДй гАДзЦгД хгАнрДи;2;8;0;1;;
;гхйогфМи яЦгои гАсщАЛ;2;8;0;1;;
;гхйогфМи  гАляхи;2;8;0;1;;
;гхйогфМи  гАнжяга гАлДФхМи;2;8;0;1;;
;гАгхйогфМи гАкгДМи хгАхоМз ФгАчящМ;2;8;0;1;;
;гхйогфМи цЦ гАЦзДч;2;8;0;1;;
;гхйогфМи  яоМс;2;8;0;1;;
;гхйогфМи цсЦга хДй рМо хчДхФяи;2;8;0;1;;
;гхйогфМи  гАчФМзМи;2;8;0;1;;
;гхйогфМи  уДхи;2;8;0;1;;
;гхйогфМи гАнтгхМи;2;8;0;1;;
;Цояси гАьщФАи гАЦхъяи хгАгхйогфМи гАнгЦси хцхФ зяМт;2;8;0;1;;
;гАгхйогфМи гАягхзи хцхФ зяМт;2;8;0;1;;
;гхйогфМи цсЦга хДй гАмгяк хцхФ зяМт;2;8;0;1;;
;гхйогфМи хягзЦ гАйДЦМи гАцЕАМи;2;8;0;1;;
;гхйогфМи  гАзяФс;2;8;0;1;;
;гАгхйогфМи гАсгхзи хцхФ зяМт;2;8;0;1;;
;гхйогфМи гАФгуАМ;2;8;0;1;;
;гхйогфМи  гАцсгЦАи;2;8;0;1;;
;гхйогфМи  гАяМгД;2;8;0;1;;
;Цояси гАьщФАи гАЦхъяи хгхйогфМи мгъЦи цхФ зяМт гАцФАЛ;2;8;0;1;;
;хяДгЦл гАйяхМи гАщъяМи хгАгхйогфМи гАсгоси хцхФ зяМт;2;8;0;1;;
;гхйогфМи цлМгА гАЦзящи гАзгАЦМи;2;8;0;1;;
;хяДгЦл гАйФмо хгхйогфМи цсЦга хДй гАмгяк хцхФ зяМт;2;8;0;1;;
;гхйогфМи рхгяи ятМо;2;8;0;1;;
;гхйогфМи гАнжяга гАтЦгАМи;2;8;0;1;;
;гАгхйогфМи гАнгЦси хцхФ зяМт;2;8;0;1;;
;гхйогфМи  цЦ гАмлА;2;8;0;1;;
;гАгхйогфМи гАцФАЛ хмгъЦи цхФ зяМт;2;8;0;1;;
;ЦйФсьи ймщМы гАчябД гАъяМЦ хцхФ зяМт;3;8;0;1;;
;хяДгЦл гАзФч гАхуяМ хЦйФсьи гАхоМз ФгАчящМ;3;8;0;1;;
;ЦйФсьи гАсгоАМи;3;8;0;1;;
;ЦйФсьи гАФгуАМ;3;8;0;1;;
;ЦйФсьи гАяМгД;3;8;0;1;;
;ЦйФсьи гАляхи;3;8;0;1;;
;ЦйФсьи нжМяи зМгт;3;8;0;1;;
;ЦйФсьи сАгЦи гАоягл;3;8;0;1;;
;ЦйФсьи гАнжяга гАлДФхМи;3;8;0;1;;
;ЦйФсьи йзАМЦ гАъхМягй хцхФ зяМт;3;8;0;1;;
;ЦйФсьи уДхи;3;8;0;1;;
;гАЦйФсьи гАкгАки хцхФ зяМт;3;8;0;1;;
;ЦйФсьи зМгт;3;8;0;1;;
;ЦйФсьи чгЦяи;3;8;0;1;;
;ЦйФсьи цсЦга хДй рМо хчДхФяи;3;8;0;1;;
;ЦйФсьи гАнтгхМи;3;8;0;1;;
;ЦйФсьи гАцсгЦАи;3;8;0;1;;
;ЦйФсьи гАзяФс;3;8;0;1;;
;ЦйФсьи гАчФМзМи;3;8;0;1;;
;гАЦйФсьи гАцФАЛ хцхФ зяМт;3;8;0;1;;
;гАЦйФсьи гАкгДМи хцхФ зяМт;3;8;0;1;;
;ЦйФсьи гАхоМз ФгАчящЛ;3;8;0;1;;
;ЦйФсьи хмяи;3;8;0;1;;
;гАЦйФсьи гАягхзи хцхФ зяМт;3;8;0;1;;
;ЦйФсьи гАЦлуу;3;8;0;1;;
;ЦйФсьи цЦ гАмлА;3;8;0;1;;
;ЦйФсьи гАнжяга гАтЦгАМи;3;8;0;1;;
;ЦйФсьи гАхМж гАцзАЛ;3;8;0;1;;
;ЦйФсьи рхгяи ятМо;3;8;0;1;;
;ЦйФсьи глМго гАйЦМр гАгЕАМи;3;8;0;1;;
;ЦйФсьи мгъЦи цхФ зяМт;3;8;0;1;;
;хяДгЦл гАйяхМи гАщъяМи хгАЦйФсьи гАкгДМи хцхФ зяМт;3;8;0;1;;
;ЦйФсьи цлМгА гАЦзящи гАзгАЦМи;3;8;0;1;;
;хяДгЦл жзгщ гАсЦз хЦйФсьи гАчФМзМи;3;8;0;1;;
;хяДгЦл гАзФч гАщъяМ хгАкгДФМи гАкгАки хцхФ зяМт;4;8;0;1;;
;гАкгДФМи гАягхзи хцхФ зяМт;4;8;0;1;;
;кгДФМи гАяМгД;4;8;0;1;;
;кгДФМи зМгт;4;8;0;1;;
;кгДФМи глМго гАйЦМр гАгЕАМи;4;8;0;1;;
;гАкгДФМи гАкгАки хцхФ зяМт;4;8;0;1;;
;гАкгДФМи гАцФАЛ хцхФ зяМт;4;8;0;1;;
;кгДФМи гАхоМз ФгАчящМ;4;8;0;1;;
;кгДФМи мгъЦи цхФ зяМт;4;8;0;1;;
;кгДФМи ЕгАи хДй нФМАо АйзАМЦ гАъхгя хцхФ зяМт;4;8;0;1;;
;гАкгДФМи гАкгДМи хцхФ зяМт;4;8;0;1;;
;кгДФМи рхгяи ятМо;4;8;0;1;;
;кгДФМи гАнжяга гАтЦгАМи;4;8;0;1;;
;кгДФМи гАсгоАМи;4;8;0;1;;
;кгДФМи гАцсгЦАи;4;8;0;1;;
;кгДФМи гАФгуАМ;4;8;0;1;;
;кгДФМи цлМгА гАЦзящи гАзгАЦМи;4;8;0;1;;
;гхйогфМи ягхзи гАгДугяМи АйзАМЦ гАъхгя ( хДгй );5;8;0;1;;
;гхйогфМи сАгЦи хДй ФЕх АйзАМЦ гАъхгя;5;8;0;1;;
;гхйогфМи цЦ гАзАга гАцДугяМи АйзАМЦ гАъхгя (хДгй);5;8;0;1;;
;гхйогфМи мщуи гАгДугяМи АйзАМЦ гАъхгя ( хДгй );5;8;0;1;;
;гхйогфМи цЦ ЦДМз гАцДугяМи АйзАМЦ гАъхгя( хДгй );5;8;0;1;;
;гхйогфМи цЦМЦи хДй чМс АйзАМЦ гАъхгя ( хДгй );5;8;0;1;;
;гхйогфМи сАЦЛ хДй уня АйзАМЦ гАъхгя (хДгй);5;8;0;1;;
;гхйогфМи цЦ Фячи гАцДугяМи АйзАМЦ гАъхгя;5;8;0;1;;
;гхйогфМи сАгщ гАцДугяМи АйзАМЦ гАъхгя (хДгй);5;8;0;1;;
;гхйогфМи рхМои хДй лзщя АйзАМЦ гАъхгя ( хДгй );5;8;0;1;;
;гхйогфМи  щгьЦи гАрЕяга АйзАМЦ гАъхгя;5;8;0;1;;
;гхйогфМи ЦгяМи гАчхьМи АйзАМЦ гАъхгя;5;8;0;1;;
;гхйогфМи цЦ гАДзЦгД хДй яФгми АйзАМЦ гАъхгя;5;8;0;1;;
;гхйогфМицЦ гАЦдЦДМД ЦМЦФДи АйзАМЦ гАъхгя ( хДгй );5;8;0;1;;
;яФжи ьМхи гАДЦФплМи гАцЕАМи;1;9;0;1;;
;яФжи яМгж гАЦло;1;9;0;1;;
;яФжи хпФя гАшо гАягчМи гАДЦФплМи  гАгЕАМи;1;9;0;1;;
;яФжи ЦАйчЛ гАцьщгА гАДЦФплМ гАцЕАМи;1;9;0;1;;
;яФжи гАлягоМи;1;9;0;1;;
;яФжи  гАмжяФя;1;9;0;1;;
;яФжи Цлзя;1;9;0;1;;
;яФжи цЦ зЦгя хДй зЦМс хтзх гАпМх;1;9;0;1;;
;яФжи гАьФгА;1;9;0;1;;
;яФжи гАчщА;1;9;0;1;;
;яФжи цсЦга хДй цхМ хъя хгАлгжз;1;9;0;1;;
;яФжи ояи хДй цхМ сщМгД хгАДлгЦМи;1;9;0;1;;
;яФжи цхФ мля гАцзАЛ;1;9;0;1;;
;яФжи цЦ ъАкФЦ хДй цхМ хъя хгАмлщгя;1;9;0;1;;
;яФжи  Цнйгяи;1;9;0;1;;
;яФжи гАтЦЕгДМи;1;9;0;1;;
;яФжи сгяи хДй зхо гАзрМр хгАяъФхи;1;9;0;1;;
;яФжи цЦ мъМЦ хДй гАмгяк хугмх гАхгя;1;9;0;1;;
;яФжи гАсЕМ;1;9;0;1;;
;яФжи оМмЦи;1;9;0;1;;
;гАяФжи гАцФАЛ хугЦьи;1;9;0;1;;
;хяДгЦл гАйонА гАЦхъя хгАяФжи гАкгАки хугЦьи;1;9;0;1;;
;гАяФжи гАкгАки хугЦьи;1;9;0;1;;
;яФжи гАйЦМр хугЦьи;1;9;0;1;;
;яФжи есъгД гАнгят;1;9;0;1;;
;гАяФжи гАкгДМи хугЦьи;1;9;0;1;;
;яФжи мгъЦи  гАошгяМя;1;9;0;1;;
;гАяФжи гАцФАЛ хесъгД гАсЕМ;1;9;0;1;;
;яФжи яЦАи гАцДугяМи хгАмчАи;1;9;0;1;;
;яФжи ЕДо хДй цхМ ьгАх хгАояМзМи;1;9;0;1;;
;яФжи гАошгяМя;1;9;0;1;;
;яФжи ФАгои хДй гАзхгс хгААчМи;1;9;0;1;;
;яФжи ьМхи гАДЦФплМи гАцЕАМи - ААйяхМи гАнгуи;1;9;0;1;;
;гхйогфМи ймщМы  гАчябД хугЦьЕ;2;9;0;1;;
;гхйогфМи  ймщМы гАчябД хоМмЦи;2;9;0;1;;
;щуФА гАцЦА хгхйогфМи есъгД гАнгят хугЦьи;2;9;0;1;;
;щуФА гАДФя хгАгхйогфМи гАкгДМи хугЦьи;2;9;0;1;;
;гхйогфМи гАяъФхи;2;9;0;1;;
;гхйогфМи цяФЛ хДй ЦгАъ хгАьятМи;2;9;0;1;;
;гхйогфМи гАмжяФя;2;9;0;1;;
;гхйогфМи ъоЦМ гАот;2;9;0;1;;
;гхйогфМи гАргФМи;2;9;0;1;;
;гАгхйогфМи гАкгАки хугЦьи;2;9;0;1;;
;гАгхйогфМи гАцФАЛ хгАьФгА;2;9;0;1;;
;гхйогфМи гАФйо;2;9;0;1;;
;гхйогфМи гАзъяи;2;9;0;1;;
;гхйогфМи гАошгяМя;2;9;0;1;;
;гхйогфМи цхФ мля гАцзАЛ;2;9;0;1;;
;гАгхйогфМи гАцФАЛ хгАлягоМи;2;9;0;1;;
;гхйогфМи гАмлщгя;2;9;0;1;;
;гхйогфМи ФзАгД;2;9;0;1;;
;гхйогфМи рЦрЦ;2;9;0;1;;
;гАгхйогфМи гАцФАЛ хесъгД гАнгят;2;9;0;1;;
;гАгхйогфМи гАцФАЛ хугЦьи;2;9;0;1;;
;гхйогфМи тзх бА оЕЦМ;2;9;0;1;;
;Цояси гАйЦМр ААьщФАи гАЦхъяи хугЦьи;2;9;0;1;;
;гхйогфМи гАхДояМ хДй зхогАзрМр;2;9;0;1;;
;гАгхйогфМи гАцФАЛ хесъгД гАсЕМ;2;9;0;1;;
;гхйогфМи гАояМзМи;2;9;0;1;;
;гхйогфМи гАЦчгАМ;2;9;0;1;;
;гхйогфМи гАЦФсЦ;2;9;0;1;;
;гхйогфМи гАДлгЦМи;2;9;0;1;;
;гхйогфМи гАчщА;2;9;0;1;;
;гхйогфМи гАсЕМ;2;9;0;1;;
;гхйогфМи гАляФх;2;9;0;1;;
;гхйогфМи гАяЦжи ФгАзхоАМи;2;9;0;1;;
;гхйогфМи цЦ гАйягк;2;9;0;1;;
;гхйогфМи ьМхи гАДЦФплМи гАцЕАМи;2;9;0;1;;
;гхйогфМи гАтЦЕгДМи;2;9;0;1;;
;гхйогфМи оМмЦи;2;9;0;1;;
;гхйогфМи лЦгДи гАЕгтЦМи;2;9;0;1;;
;гхйогфМи гАлгжз;2;9;0;1;;
;гхйогфМи Цлзя;2;9;0;1;;
;гхйогфМи гАЦляФх ФгАЦзргх;2;9;0;1;;
;Цояси гАущга ААьщФАи гАЦхъяи хмгъЦи гАошгяМя;2;9;0;1;;
;Цояси гАьщФАи гАЦхъяи хгхйогфМи Цнйгяи;2;9;0;1;;
;гАгхйогфМи гАкгДМи хесъгД гАнгят;2;9;0;1;;
;гхйогфМи  гАхМсяМ;2;9;0;1;;
;гхйогфМи цхФ мля гАцсщА;2;9;0;1;;
;гАгхйогфМи гАкгДМи хгАьФгА;2;9;0;1;;
;гАгхйогфМи гАкгДМи хугЦьи;2;9;0;1;;
;гхйогфМи гАлМгДМи;2;9;0;1;;
;гхйогфМи гААчМи;2;9;0;1;;
;гхйогфМи угмх гАхгя;2;9;0;1;;
;гхйогфМи цЦ гАЦдЦДМД згфти хДй цхМ хъя гАуоМч;2;9;0;1;;
;гхйогфМи нАщи ФзАгД;2;9;0;1;;
;Цояси гАьщФАи гАЦхъяи хгАгхйогфМи гАягхзи хугЦьи;2;9;0;1;;
;гхйогфМи гАЦлДи;2;9;0;1;;
;гхйогфМи гАмчАи;2;9;0;1;;
;гАгхйогфМи гАкгДМи хгАлягоМи;2;9;0;1;;
;гхйогфМи ьМхи гАДЦФплМи гАцЕАМи - йяхМи нгуи;2;9;0;1;;
;хяДгЦл гАйяхМи гАщъяМи хЦояси ймщМы гАчябД гАъяМЦ гАгхйогфМи хугЦьи;2;9;0;1;;
;цхйогфМи хпФя гАшо гАягчМи гАгЕАМи - щуФА ЦАмчи;2;9;0;1;;
;хяДгЦл гАйяхМи гАщъяМи хгхйогфМи гАхДояМ хДй зхо гАзрМр;2;9;0;1;;
;гхйогфМи мгъЦи гАошгяМя;2;9;0;1;;
;гАгхйогфМи гАягхзи хугЦьи;2;9;0;1;;
;гхйогфМи Цнйгяи;2;9;0;1;;
;ЦйФсьи ймщМы  гАчябД хугЦьи;3;9;0;1;;
;ЦйФсьи нАщи ФзАгД;3;9;0;1;;
;гАЦйФсьи гАцФАЛ хесъгД гАнгят;3;9;0;1;;
;ЦйФсьи  гАДлгЦМи;3;9;0;1;;
;ЦйФсьи йзАМЦ гАъхМягй хугЦьи;3;9;0;1;;
;ЦйФсьи гАмлщгя;3;9;0;1;;
;гАЦйФсьи гАягхзи хугЦьи;3;9;0;1;;
;ЦйФсьи гАояМзМи;3;9;0;1;;
;ЦйФсьи цхФ мля гАцсщА;3;9;0;1;;
;гАЦйФсьи гАцФАЛ хесъгД гАсЕМ;3;9;0;1;;
;ЦйФсьи гАмжяФя;3;9;0;1;;
;ЦйФсьи гАошгяМя;3;9;0;1;;
;ЦйФсьи Цнйгяи;3;9;0;1;;
;ЦйФсьи лЦгДи гАЕгтЦМи;3;9;0;1;;
;ЦйФсьи мгъЦи гАошгяМя;3;9;0;1;;
;ЦйФсьи гАьФгА гАцФАЛ;3;9;0;1;;
;ЦйФсьи рЦрЦ;3;9;0;1;;
;ЦйФсьи гАхДояМ хДй зхогАзрМр;3;9;0;1;;
;гАЦйФсьи гАкгДМи  хугЦьи;3;9;0;1;;
;ЦйФсьи гААчМи;3;9;0;1;;
;ЦйФсьи ФзАгД хугЦьи;3;9;0;1;;
;ЦйФсьи гАмчАи;3;9;0;1;;
;ЦйФсьи гАяъФхи;3;9;0;1;;
;ЦйФсьи гАФйо;3;9;0;1;;
;ЦйФсьи цЦ гАйягк;3;9;0;1;;
;ЦйФсьи цЦ гАЦдЦДМД згфти хДй цхМ хъя;3;9;0;1;;
;ЦйФсьи гАЦФсЦ;3;9;0;1;;
;ЦйФсьи оМмЦи;3;9;0;1;;
;ЦйФсьи гАЦлДи;3;9;0;1;;
;гАЦйФсьи гАцФАЛ  хугЦьи;3;9;0;1;;
;ЦйФсьи гАлягоМи;3;9;0;1;;
;ЦйФсьи гАлгжз;3;9;0;1;;
;ЦйФсьи цхФ мля гАцзАМ;3;9;0;1;;
;гАЦйФсьи гАкгАки хугЦьи;3;9;0;1;;
;ЦйФсьи Цлзя;3;9;0;1;;
;хяДгЦл гАйяхМи гАщъяМи хгАЦйФсьи гАягхзи хугЦьи;3;9;0;1;;
;хяДгЦл гАзФч гАхуяМ хгАЦйФсьи гАкгАки хугЦьи;3;9;0;1;;
;хяДгЦл гАзФч гАщъяМ хкгДФМи Цлзя;4;9;0;1;;
;кгДФМи гАЦФсЦ;4;9;0;1;;
;гАкгДФМи гАцФАЛ хгАьФгА;4;9;0;1;;
;гАкгДФМи гАкгДМи хгАьФгА;4;9;0;1;;
;кгДФМи оМмЦи;4;9;0;1;;
;кгДФМи гАошгяМя;4;9;0;1;;
;кгДФМи Цлзя;4;9;0;1;;
;кгДФМи гАлгжз;4;9;0;1;;
;гАкгДФМи гАцФАЛ хесъгД гАсЕМ;4;9;0;1;;
;кгДФМи гАДлгЦМи;4;9;0;1;;
;кгДФМи йзАМЦ гАъхМягй хугЦьи;4;9;0;1;;
;гАкгДФМи гАкгАки хугЦьи;4;9;0;1;;
;гАкгДФМи гАягхзи хугЦьи;4;9;0;1;;
;кгДФМи гААчМи;4;9;0;1;;
;кгДФМи цхФ мля гАцзАЛ;4;9;0;1;;
;кгДФМи гАояМзМи;4;9;0;1;;
;гАкгДФМи гАкгДМи хугЦьи;4;9;0;1;;
;гАкгДФМи гАцФАЛ хесъгД гАнгят;4;9;0;1;;
;кгДФМи гАлягоМи;4;9;0;1;;
;гАкгДФМи гАцФАЛ хугЦьи;4;9;0;1;;
;гхйогфМи цЦ гАЦдЦДМД сФои хДй рЦзи АйзАМЦ гАъхгя (хДгй);5;9;0;1;;
;гхйогфМи сяга хДй ДхЕгД АйзАМЦ гАъхгя (хДгй);5;9;0;1;;
;гхйогфМи АФАФи хДй зхогАзрМр АйзАМЦ гАъхгя (хДгй);5;9;0;1;;
;гхйогфМи ДсМхи хДй ъзх АйзАМЦ гАъхгя (хДгй);5;9;0;1;;
;гхйогфМи бсМг хДй ЦргмЦ АйзАМЦ гАъхгя;5;9;0;1;;
;гхйогфМи цЦ гАЦдЦДМД лФМяМи хДй гАмгяк АйзАМЦ гАъхгя (хДгй);5;9;0;1;;
;гхйогфМи муи хДй зхогАзрМр АйзАМЦ гАъхгя (хДгй);5;9;0;1;;
;гхйогфМиЕДо гАЦнрФЦМи АйзАМЦ гАъхгя(хДгй);5;9;0;1;;
;гхйогфМи ЕгАи хДй зФщ АйзАМЦ гАъхгя (хДгй);5;9;0;1;;
;яФжи ФмжгДи цлМгА гАЦсйчхА гАФгзои гАцЕАМи;1;10;0;1;;
;яФжи рМДх хДй цхМ сАЦи хгАЕлДхи;1;10;0;1;;
;яФжи гАыхяи;1;10;0;1;;
;яФжи ЦрЕяи;1;10;0;1;;
;яФжи ыхМи хДй гАхяга хгАЦзьД;1;10;0;1;;
;гАяФжи гАцФАЛ хгАцмо;1;10;0;1;;
;яФжи цЦ ъАкФЦ хДй зАМ хД цхМ ьгАх хесъгД гАмуЦи;1;10;0;1;;
;яФжи цЦгЦи хДй цхМ гАзгу хесъгД яЦгои;1;10;0;1;;
;яФжи нжяга гАнАщи;1;10;0;1;;
;яФжи гАмгЦжи;1;10;0;1;;
;яФжи гАшуМДМи;1;10;0;1;;
;яФжи щгьЦи хДй гАньгх;1;10;0;1;;
;яФжи бЦДи хДй гАмъЦ;1;10;0;1;;
;яФжи гАемсгД хгАнЦс;1;10;0;1;;
;яФжи сМяМД гАчхьМи хгАся;1;10;0;1;;
;яФжи гАЦДуФяМи;1;10;0;1;;
;яФжи гАмхлМи;1;10;0;1;;
;яФжи лмг;1;10;0;1;;
;гАяФжи гАкгДМи хгАцмо;1;10;0;1;;
;яФжи гАзр;1;10;0;1;;
;яФжи АЦМс гАцДугяМи хгАЦДлгяи;1;10;0;1;;
;яФжи гАДФгя хДй гАмгяк;1;10;0;1;;
;яФжи цЦгЦи хДй хтя хгАягми;1;10;0;1;;
;яФжи Ахгхи гАзхгсМи хгАЦягхМ;1;10;0;1;;
;яФжи гАЦжгМг;1;10;0;1;;
;яФжи гАхМьгяМи;1;10;0;1;;
;яФжи ущМи хДй зхо гАЦьАх хзМсгД;1;10;0;1;;
;яФжи чья гАДоЛ хязти;1;10;0;1;;
;гхйогфМи ймщМы гАчябД гАцФАЛ хЦрЕяи;2;10;0;1;;
;гхйогфМи ймщМы гАчябД гАъяМЦ хгАцмо;2;10;0;1;;
;гхйогфМи ймщМы гАчябД гАъяМЦ хгАЦжгМг;2;10;0;1;;
;хяДгЦл гАхуяМ хгАгхйогфМи гАкгДМи хгАцмо;2;10;0;1;;
;гхйогфМи язти;2;10;0;1;;
;гхйогфМи гАЦДлгяи;2;10;0;1;;
;гхйогфМи нжяга гАнАщи;2;10;0;1;;
;гАгхйогфМи гАягхзи хгАцмо;2;10;0;1;;
;гхйогфМи гАсАх;2;10;0;1;;
;гхйогфМи гАягми;2;10;0;1;;
;гхйогфМи яЦгои нАх;2;10;0;1;;
;гхйогфМи цЦ гАтзДФД;2;10;0;1;;
;гхйогфМи гАся;2;10;0;1;;
;гхйогфМи гАмгЦжи;2;10;0;1;;
;гхйогфМи мугЦи гАЦмгряи;2;10;0;1;;
;гАгхйогфМи гАкгДМи хгАцмо;2;10;0;1;;
;гхйогфМи гАцЦМяи уМйи хДй зхогАзрМр хгАмуЦи;2;10;0;1;;
;гхйогфМи гАцЦМяи щЕои хДй гАзгуМ гАтяМЦ хесъгД гАмуЦи;2;10;0;1;;
;гАгхйогфМи  гАкгДМи хЦрЕяи;2;10;0;1;;
;гхйогфМи гАхМьгяМи;2;10;0;1;;
;гхйогфМи гАЦлгЦи;2;10;0;1;;
;гАгхйогфМи гАцФАЛ хгАцмо;2;10;0;1;;
;гхйогфМи лмг;2;10;0;1;;
;гхйогфМи гАЦягхМ;2;10;0;1;;
;гхйогфМи гАчягзМи ФгАЦмгЦА;2;10;0;1;;
;гхйогфМи  гАЦжгМг;2;10;0;1;;
;гхйогфМи гАчяД;2;10;0;1;;
;гхйогфМи гАФмАи;2;10;0;1;;
;гАгхйогфМи гАкгАки хгАцмо;2;10;0;1;;
;гхйогфМи  гАнЦс;2;10;0;1;;
;гхйогфМи гАЕлДхи;2;10;0;1;;
;гхйогфМи гАзр;2;10;0;1;;
;Цояси гАьщФАи гАЦхъяи хгхйогфМи гАмхлМи;2;10;0;1;;
;Цояси гАйМсМя ААьщФАи гАЦхъяи хгАмугЦи;2;10;0;1;;
;гхйогфМи гАлзоМи;2;10;0;1;;
;гхйогфМи сФч гААМА;2;10;0;1;;
;гхйогфМи зМсгД;2;10;0;1;;
;гхйогфМи гАляФщ;2;10;0;1;;
;гхйогфМи цЦ гАЦдЦДМД мщуи хгАтзщФАМи;2;10;0;1;;
;гхйогфМи чрз;2;10;0;1;;
;гхйогфМи гАЦчьгхи;2;10;0;1;;
;гхйогфМи гАЦяФи;2;10;0;1;;
;гхйогфМи сФогДи;2;10;0;1;;
;гхйогфМи гАсФМоМи;2;10;0;1;;
;гхйогфМи  гАуФгяЦи;2;10;0;1;;
;гхйогфМи гАЦзьД;2;10;0;1;;
;гхйогфМи зчои гАмъгЦМи;2;10;0;1;;
;гхйогфМи гАЦчячЦ;2;10;0;1;;
;гхйогфМи гАЦДуФяМи;2;10;0;1;;
;гАгхйогфМи гАкгДМи хесъгД гАмуЦи;2;10;0;1;;
;гАгхйогфМи гАцФАЛ хесъгД яЦгои;2;10;0;1;;
;гАгхйогфМи  гАцФАЛ хЦрЕяи;2;10;0;1;;
;гхйогфМи уЦМА ФЦятФми;2;10;0;1;;
;гхйогфМи гАнФхи гАцФАЛ;2;10;0;1;;
;Цояси гАЦзящи ААьщФАи гАЦхъяи хгАыхяи;2;10;0;1;;
;хяДгЦл гАйяхМи гАщъяМи хгхйогфМи гАЦчьгхи;2;10;0;1;;
;хяДгЦл гАйяхМи гАщъяМи хгАЕлДхи;2;10;0;1;;
;хяДгЦл щуФА гАцЦА хгхйогфМи гАхМьгяМи;2;10;0;1;;
;гхйогфМи гАЦнтАМи;2;10;0;1;;
;гхйогфМи гАмугЦи;2;10;0;1;;
;гхйогфМи гАыхяи;2;10;0;1;;
;хяДгЦл гАзФч гАсЦзМ хгАЦйФсьи гАкгАки хгАцмо;3;10;0;1;;
;ЦйФсьи гАЕлДхи;3;10;0;1;;
;ЦйФсьи гАЦДлгяи;3;10;0;1;;
;ЦйФсьи лмг;3;10;0;1;;
;ЦйФсьи ЦрЕяи;3;10;0;1;;
;ЦйФсьи гАФмАи;3;10;0;1;;
;гАЦйФсьи гАягхзи хгАцмо;3;10;0;1;;
;гАЦйФсьи гАцФАЛ хесъгД гАмуЦи;3;10;0;1;;
;ЦйФсьи цЦгЦи хДй гАугЦй АйзАМЦ гАъхгя хцмо гАЦсгями;3;10;0;1;;
;ЦйФсьи цЦ гАтзДФД;3;10;0;1;;
;ЦйФсьи гАЦнтАМи;3;10;0;1;;
;гАЦйФсьи гАцФАЛ хгАцмо;3;10;0;1;;
;ЦйФсьи гАЦяФи;3;10;0;1;;
;гАЦйФсьи гАкгДМи хесъгД гАмуЦи;3;10;0;1;;
;ЦйФсьи гАягми;3;10;0;1;;
;ЦйФсьи гАЦжгМг;3;10;0;1;;
;ЦйФсьи гАЦчьгхи;3;10;0;1;;
;гАЦйФсьи гАкгАки  хгАцмо;3;10;0;1;;
;ЦйФсьи гАлФЕяи хДй зхо гАямЦД бА сзФо хгАмгЦжи;3;10;0;1;;
;ЦйФсьи гАЦягхМ;3;10;0;1;;
;гАЦйФсьи гАцФАЛ хгАнФхи;3;10;0;1;;
;ЦйФсьи  гАсАх;3;10;0;1;;
;гАЦйФсьи гАцФАЛ хесъгД яЦгои;3;10;0;1;;
;ЦйФсьи сФогДи;3;10;0;1;;
;гАЦйФсьи гАкгДМи хгАцмо;3;10;0;1;;
;ЦйФсьи гАыхяи;3;10;0;1;;
;ЦйФсьи гАмугЦи;3;10;0;1;;
;кгДФМи гАЦжгМг;4;10;0;1;;
;гАкгДФМи гАцФАЛ хесъгД гАмуЦи;4;10;0;1;;
;кгДФМи лмг- Цсгягй;4;10;0;1;;
;кгДФМи гАсАх;4;10;0;1;;
;кгДФМи гАкяМг хДй зхогААЕ АйзАМЦ гАъхгя хцмо гАЦсгями;4;10;0;1;;
;кгДФМи гАЦягхМ;4;10;0;1;;
;гАкгДФМи гАцФАЛ хесъгД яЦгои;4;10;0;1;;
;кгДФМи ЦрЕяи;4;10;0;1;;
;кгДФМи цЦМЦи гАшщгяМи хцмо гАЦсгями ;4;10;0;1;;
;гАкгДФМи гАцФАЛ хгАнФхи;4;10;0;1;;
;кгДФМи гАягми;4;10;0;1;;
;кгДФМи щгьЦи гАрЕяга;4;10;0;1;;
;гАкгДФМи гАкгДМи хгАцмо;4;10;0;1;;
;кгДФМи гАЦнтАМи;4;10;0;1;;
;кгДФМи сАЦЛ хДй ЦгАъ хгАыхяи;4;10;0;1;;
;гАкгДФМи гАцФАЛ хгАцмо ;4;10;0;1;;
;гАкгДФМи гАкгАки хгАцмо;4;10;0;1;;
;гхйогфМи ДсМхи гАцДугяМи АйзАМЦ гАъхгя;5;10;0;1;;
;гхйогфМи ъяМЦи гАцсАЦМи АйзАМЦ гАъхгя;5;10;0;1;;
;гхйогфМи ячМи хДй гАДхМ (уАЛ гААЕ зАМЕ ФсАЦ ) АйзАМЦ гАъхгя;5;10;0;1;;
;гхйогфМи цЦ гАЦдЦДМД рМДх гАцсоМи АйзАМЦ гАъхгя;5;10;0;1;;
;гхйогфМи мхМхи хДй цхМ сщМгД АйзАМЦ гАъхгя;5;10;0;1;;
;гхйогфМи зри гАЕгтЦМи хесъгД гАмуЦи АйзАМЦ гАъхгя;5;10;0;1;;
;гхйогфМи цЦ гАЦдЦДМД яЦАи хДй цхМ сщМгД АйзАМЦ гАъхгя;5;10;0;1;;
;гхйогфМи нФАи хДй зФщ АйзАМЦ гАъхгя;5;10;0;1;;
;гхйогфМи ЦяМЦ хДй зЦягД АйзАМЦ гАъхгя;5;10;0;1;;
;гхйогфМи цЦ мгяки хДй гАДыя АйзАМЦ гАъхгя (хДгй);5;10;0;1;;
;гхйогфМи цЦ ъАкФЦ хДй гАДхМ уАЛ гААЕ зАМЕ ФсАЦ АйзАМЦ гАъхгя;5;10;0;1;;
;гхйогфМи бЦДи гАчятМи хесъгД яЦгои АйзАМЦ гАъхгя;5;10;0;1;;
;гхйогфМи сЦМи хДй нМгь АйзАМЦ гАъхгя;5;10;0;1;;
;гхйогфМи ящМои хДй ъзх АйзАМЦ  гАъхгя;5;10;0;1;;
;гхйогфМи цДМси хДй зЦяФ АйзАМЦ гАъхгя (хДгй);5;10;0;1;;
;гхйогфМи АМАЛ хДй згуЦ хчяМи гАЦлгЦиАйзАМЦ гАъхгя;5;10;0;1;;
;гхйогфМи рМДх хДй ЦзгФМи АйзАМЦ гАъхгя ( хДгй );5;10;0;1;;
;гхйогфМи цЦ Цзгп хД лхА (яжМ гААЕ зДЕ )АйзАМЦ гАъхгя;5;10;0;1;;
;яФжи цьщгА гАзгяжи;1;11;0;1;;
;яФжи гАмЦМяга;1;11;0;1;;
;яФжи АхДЛ гАцДугяМи хчгфЦ гАзчЦ;1;11;0;1;;
;яФжи гАчухи;1;11;0;1;;
;яФжи мхМхи гАцДугяМи хгАяо;1;11;0;1;;
;яФжи гАнА;1;11;0;1;;
;яФжи ФгоМ гАсгЕМи;1;11;0;1;;
;яФжи гАДФя хгАуМгхи;1;11;0;1;;
;яФжи гАзчАи;1;11;0;1;;
;яФжи ДгфАи гАцДугяМи хохМя гАзхгоА;1;11;0;1;;
;яФжи АМАЛ гАчятМи хгАзгяжи;1;11;0;1;;
;яФжи пгй гАДьгчМД;1;11;0;1;;
;яФжи гАЦДгяи хгАнхягМи;1;11;0;1;;
;яФжи цЦМЦи гАнрялМи хесъгД яФгД;1;11;0;1;;
;яФжи ящМои гАцДугяМи;1;11;0;1;;
;яФжи АМДи гАцДугяМи;1;11;0;1;;
;яФжи гАхМгД хгАсзгоМ;1;11;0;1;;
;яФжи лхА гАзхгоА ФгАцМйгЦ;1;11;0;1;;
;яФжи ЦжгФМ хДй зхогАзрМр  хгАмДхъи;1;11;0;1;;
;гАяФжи гАцФАЛ хгАзгяжи;1;11;0;1;;
;яФжи ДсМхи хДй гАмгяк хчгфЦ гмЦоМДМ;1;11;0;1;;
;яФжи рМДх гАнрялМи хгАочМчи;1;11;0;1;;
;яФжи гАЦДгя ххьмгД;1;11;0;1;;
;гхйогфМи гАзхгсМи;2;11;0;1;;
;гхйогфМи пгй гАДьгчМД;2;11;0;1;;
;гхйогфМи  гАмЦМяга;2;11;0;1;;
;гхйогфМи  тячМ Фячи;2;11;0;1;;
;гхйогфМи гАчухи;2;11;0;1;;
;гхйогфМи ЦяМЦ гАцДугяМи;2;11;0;1;;
;хяДгЦл гАзФч гАхуяМ хгхйогфМи чгфЦ гмЦоМДМ;2;11;0;1;;
;гАгхйогфМи гАкгДМи хгАзгяжи;2;11;0;1;;
;гхйогфМи  охМя гАзхгоА;2;11;0;1;;
;гхйогфМи гАчязи хсАг;2;11;0;1;;
;гхйогфМи цхФ гАзтяи;2;11;0;1;;
;гхйогфМи  гАуМгхи;2;11;0;1;;
;гхйогфМи гАЦхМй;2;11;0;1;;
;гхйогфМи  чгфЦ гмЦоМДМ;2;11;0;1;;
;гАгхйогфМи гАцФАЛ хгАзгяжи;2;11;0;1;;
;гхйогфМи гАФчМз хлхА гАлпЦ;2;11;0;1;;
;гхйогфМи  гАочМчи;2;11;0;1;;
;гхйогфМи гАзячи хсАг;2;11;0;1;;
;гхйогфМи гАнА;2;11;0;1;;
;гхйогфМи гАзчАи;2;11;0;1;;
;гхйогфМи зяч;2;11;0;1;;
;гхйогфМи цяФЛ хДй цхМ гАзгу хгАзгяжи;2;11;0;1;;
;гхйогфМи лхА гАзхгоА Ф гАгМйгЦ;2;11;0;1;;
;гхйогфМи  гАяо;2;11;0;1;;
;гхйогфМи сЦМи хДй нМгь;2;11;0;1;;
;гхйогфМи гАсзгоМ хчМс;2;11;0;1;;
;гхйогфМи смгя;2;11;0;1;;
;гхйогфМи цхФ схМАи;2;11;0;1;;
;гхйогфМи ДзтгФ;2;11;0;1;;
;гхйогфМи  хьмгД;2;11;0;1;;
;гхйогфМи чгфЦ гАзчЦ;2;11;0;1;;
;гАгхйогфМи гАцФАЛ хесъгД яФгД;2;11;0;1;;
;гхйогфМи  гАнхягМи;2;11;0;1;;
;гхйогфМи цЦ гАрхМя гАЕгтЦМи хФгоМ гАсгЕМи;2;11;0;1;;
;гхйогфМи ймщМы гАчябД гАъяМЦ хгАзгяжи;2;11;0;1;;
;хяДгЦл гАзФч гАщъяМ хгАгхйогфМи гАцФАЛ хгАзгяжи;2;11;0;1;;
;гхйогфМи  гАыЕягДМ;2;11;0;1;;
;гхйогфМи цсЦга хДй цДс хгАмДхъи;2;11;0;1;;
;хяДгЦл гАзФч гАсЦзМ хгАгхйогфМи гАцФАЛ хесъгД гАяФгД;2;11;0;1;;
;ЦйФсьи хьмгД;3;11;0;1;;
;ЦйФсьи нФАи хДй згуЦ АйзАМЦ гАъхгя хгАзгяжи;3;11;0;1;;
;ЦйФсьи гАзячи хсАг;3;11;0;1;;
;гАЦйФсьи гАцФАЛ хесъгД яФгД;3;11;0;1;;
;ЦйФсьи сЦМи хДй нМгь;3;11;0;1;;
;ЦйФсьи гАыЕягДМ;3;11;0;1;;
;ЦйФсьи охМя гАзхгоА;3;11;0;1;;
;ЦйФсьи чгфЦ гАзчЦ;3;11;0;1;;
;ЦйФсьи гАчухи;3;11;0;1;;
;ЦйФсьи цсЦга хДй цДс хгАмДхъи;3;11;0;1;;
;ЦйФсьи пгй гАДьгчМД хЦягм гАпфгх;3;11;0;1;;
;ЦйФсьи гАФогщи хлхА гАзхгоА ФгАцМйгЦ;3;11;0;1;;
;ЦйФсьи цЦ гАрхМя гАЕгтЦМи хФгоМ гАсгЕМи;3;11;0;1;;
;ЦйФсьи гАуМгхи;3;11;0;1;;
;ЦйФсьи гАнхягМи;3;11;0;1;;
;ЦйФсьи гАФчМз хлхА гАлпЦ;3;11;0;1;;
;ЦйФсьи гАчязи хсАг;3;11;0;1;;
;ЦйФсьи гАсзгоМ хчМс;3;11;0;1;;
;ЦйФсьи гАмЦМяга;3;11;0;1;;
;гАЦйФсьи гАкгДМи хгАзгяжи;3;11;0;1;;
;ЦйФсьи зяч;3;11;0;1;;
;ЦйФсьи цхФгАзтяи;3;11;0;1;;
;гАЦйФсьи гАцФАЛ хгАзгяжи;3;11;0;1;;
;хяДгЦл гАйяхМи гАщъяМи хгАЦйФсьи гАцФАЛ хгАзгяжи;3;11;0;1;;
;кгДФМи гАмЦМяга;4;11;0;1;;
;гАкгДФМи гАцФАЛ хгАзгяжи;4;11;0;1;;
;кгДФМи лхА гАзхгоА ФгАцМйгЦ;4;11;0;1;;
;кгДФМи охМя гАзхгоА;4;11;0;1;;
;гАкгДФМи гАкгДМи хгАзгяжи;4;11;0;1;;
;кгДФМи лЦМАи гАцДугяМи АйзАМЦ гАъхгя хгАзгяжи;4;11;0;1;;
;кгДФМи гАнхягМи;4;11;0;1;;
;кгДФМи есъгД яФгД;4;11;0;1;;
;кгДФМи цсЦга хДй сзМо хчгфЦ гАзчЦ;4;11;0;1;;
;кгДФМи сЦМи хДй нМгь;4;11;0;1;;
;гхйогфМи ДгфАи гАцДугяМи  АйзАМЦ гАъхгя;5;11;0;1;;
;гхйогфМи ущМи гАЕгтЦМи АйзАМЦ гАъхгя;5;11;0;1;;
;гхйогфМи сзоЛ гАцФсМи АйзАМЦ гАъхгя;5;11;0;1;;
;гхйогфМи цЦ гАмъЦ хДй гАмгяк АйзАМЦ гАъхгя;5;11;0;1;;
;гхйогфМи АМАЛ гАзоФМи АйзАМЦ гАъхгя;5;11;0;1;;
;гхйогфМи цЦ гАмъЦ хДй гАрхМя АйзАМЦ гАъхгя;5;11;0;1;;
;гхйогфМи яЦМки гАчятМи АйзАМЦ гАъхгя;5;11;0;1;;
;гхйогфМи зщяга гАцДугяМи  АйзАМЦ гАъхгя;5;11;0;1;;
;гхйогфМи бЦДи хДй цхМ гАуАй АйзАМЦ гАъхгя;5;11;0;1;;
;гхйогфМи мФга гАцДугяМи АйзАМЦ гАъхгя;5;11;0;1;;
;гхйогфМи цЦ лЦМА хДй гАньгх АйзАМЦ гАъхгя;5;11;0;1;;
;гАяФжи гАкгДМи хщясгД;1;12;0;1;;
;гАяФжи гАцФАЛ хщясгД;1;12;0;1;;
;яФжи гАЦмяч;1;12;0;1;;
;яФжи уМя;1;12;0;1;;
;яФжи гАсчМо;1;12;0;1;;
;яФжи гАъФкя хщясгД;1;12;0;1;;
;гхйогфМи нйх;2;12;0;1;;
;гАгхйогфМи гАкгДМи хщясгД;2;12;0;1;;
;гхйогфМи уМя;2;12;0;1;;
;гхйогфМи гАсчМо;2;12;0;1;;
;гАгхйогфМи гАкгАки хщясгД;2;12;0;1;;
;гАгхйогфМи гАцФАЛ хщясгД;2;12;0;1;;
;гхйогфМи гАЦмяч;2;12;0;1;;
;хяДгЦл гАйяхМи гАщъяМи хгАгхйогфМи гАкгАки хщясгД;2;12;0;1;;
;хяДгЦл гАйФмо хгАгхйогфМи гАкгАки хщясгД;2;12;0;1;;
;ЦйФсьи уМя;3;12;0;1;;
;ЦйФсьи гАсчМо;3;12;0;1;;
;ЦйФсьи щясгД;3;12;0;1;;
;кгДФМи уМя;4;12;0;1;;
;кгДФМи щясгД;4;12;0;1;;
